Workbook

Sheet Estructura 2022
A1: code | B1: NOMBRE | C1: Participacion
A2: C | B2: Industrias manufactureras | C2: 1
A3: 1010 | B3: Elaboración y conservación de carne de ganado bovino | C3: 0.021978962
B4: Carne y despojos comestibles de ganado bovino | C4: 0.021047241
A5: 21111 | B5: Carne de ganado bovino, fresca o refrigerada
A6: 1010 | B6: Elaboración y conservación de carne de ganado porcino | C6: 0.0063594218
B7: Carne de cerdo, fresca o refrigerada | C7: 0.0048080622
A8: 21113 | B8: Carne de cerdo, fresca o refrigerada
B9: Carne y despojos de otros animales y conservas y preparados de carne | C9: 0.00064850992
A10: 21119 | B10: Otras carnes de mamíferos, fresca o refrigerada
A11: 1010 | B11: Elaboración y conservación de carne de aves de corral | C11: 0.034992012
B12: Carne de pollo, fresca o refrigerada | C12: 0.033395838
A13: 21121 | B13: Carne de pollo, fresca o refrigerada
A14: 1010 | B14: Elaboración de productos cárnicos y elaboración de otros productos de origen animal n.c.p. | C14: 0.011484768
B15: Carne y despojos de otros animales y conservas y preparados de carne | C15: 0.010878805
A16: 21174 | B16: Embutidos y productos similares de carne, despojos o sangre
A17: 1020 | B17: Elaboración y conservación de pescado, crustáceos y moluscos | C17: 0.003384264
B18: Crustáceos, congelados | C18: 0.0016903982
A19: 21250 | B19: Crustáceos, congelados
B20: Pescado congelado (excepto filetes y carne de pescado) | C20: 0.0016861472
A21: 21221 | B21: Filetes y carne de pescado (este o no picada), frescos o refrigerados
A22: 1030 | B22: Elaboración y conservación de frutas, legumbres y hortalizas | C22: 0.016134765
B23: Jugos de frutas | C23: 0.0053047974
A24: 21431 | B24: Jugo de naranja
A25: 21435 | B25: Jugo de manzana
A26: 21439 | B26: Otros jugos de frutas, n.c.p.
B27: Vegetales preparados o en conserva, legumbres y papas | C27: 0.0038072431
A28: 21311 | B28: Frijoles estén o no desenvainados, cocidos en agua o vapor, Congelados.
A29: 21395 | B29: Frijoles, preparados o conservados, sin congelar. (excepto en vinagre o ácido acético).
A30: 21399 | B30: Otros vegetales y legumbres, conservados por algo que no sea vinagre, ácido acético o azúcar, n.c.p.
B31: Otras frutas y nueces preparadas y preservadas (excepto por azúcar) | C31: 0.0029615019
A32: 21491 | B32: Piñas, preparadas o conservados
A33: 21492 | B33: Melocotones, preparados o conservados
A34: 21493 | B34: Otras frutas, sin cocer o cocidos, congelados
A35: 21494 | B35: Compotas, jaleas y mermeladas, purés y pastas de frutas u otros frutos
A36: 21495 | B36: Mantequilla de maní, pastas de almendra y otras mezclas de nueces y semillas tosdados, salados o preparados de otro modo n.c.p
A37: 21499 | B37: Otras preparaciones y conservas de frutas y nueces, n.c.p.
B38: Bebidas no alcohólicas | C38: 0.0018334673
A39: 24490 | B39: Otras bebidas calóricas no alcohólicas (Bebidas gaseosas, jugos y refrescos artificiales, bebidas deportivas, agua mineral con sabor)
A40: 24410 | B40: Aguas embotelladas, no endulzadas ni saborizadas (Agua pura, agua con gas o mineral sin sabor, hielo)
A41: 1040 | B41: Elaboración de aceites y grasas de origen vegetal y animal | C41: 0.056363419
B42: Aceites de origen vegetal | C42: 0.046125851
A43: 21535 | B43: Aceite de palma, crudo
A44: 21539 | B44: Los demás aceites vegetales, crudo, n.c.p.
A45: 21545 | B45: Aceite de palma, refinado
A46: 21549 | B46: Otros aceites vegetales, refinados, n.c.p.
A47: 1050 | B47: Elaboración de productos lácteos | C47: 0.01921303
B48: Otros productos lácteos n.c.p. | C48: 0.012964171
A49: 22229 | B49: Leche y crema, n.c.p.
A50: 22251 | B50: Quesos de leche de bovino, frescos o procesados
A51: 22260 | B51: Caseina
A52: 22270 | B52: Helados y productos similares
A53: 22290 | B53: Productos lácteos n.c.p.
B54: Leche líquida y crema procesadas | C54: 0.0060571515
A55: 22110 | B55: Leche liquida procesada
A56: 22120 | B56: Crema fresca
A57: 1061 | B57: Elaboración de harina de trigo | C57: 0.0093361974
B58: Harina de trigo | C58: 0.0081642379
A59: 23110 | B59: Harina de trigo o de morcajo (tranquillón)
A60: 1061 | B60: Beneficios de arroz | C60: 0.0073397561
B61: Arroz sin cáscara | C61: 0.0046722899
A62: 23161 | B62: Arroz, semi- o totalmente molido
B63: Otros productos de molinería n.c.p. | C63: 0.0018649646
A64: 23140 | B64: Otros productos de cereales de arroz
A65: 1061 | B65: Elaboración de otros productos de molinería n.c.p. por cuenta propia | C65: 0.0086210164
B66: Otros productos de molinería n.c.p. | C66: 0.0066587757
A67: 23130 | B67: Grañones (Avena), sémola y pellets de cereales excepto trigo y arroz
A68: 23140 | B68: Otros productos de cereales incluyendo hojuelas de maíz
B69: Productos alimenticios n.c.p. | C69: 0.001165051
A70: 23911 | B70: Café, descafeinado o tostado
A71: 23912 | B71: Sustitutos de café que contienen café; extractos, esencias y concentrados del café, y preparaciones con a base de ellos o con base a café; achicoria tostada y otros substitutos de café tostados, y extractos, esencias y sus concentrados
A72: 23921 | B72: Pimienta procesada
A73: 23928 | B73: Vainilla procesada, triturada o pulverizada
A74: 23992 | B74: Sopas y caldos y preparaciones de los mismos
A75: 23995 | B75: Salsas; condimentos mixtos; harinas de mostaza y sustancias en polvo; mostaza preparada
A76: 23996 | B76: Levaduras (activas o inactivas); otros microorganismos unicelulares, muertos; polvos de hornear preparados
A77: 1062 | B77: Elaboración de almidones y productos derivados del almidón | C77: 0.011321522
B78: Servicios de manufactura | C78: 0.010944509
A79: 88162 | B79: Servicios de elaboración de almidones y productos elaborados de almidones
A80: 1071 | B80: Elaboración de productos de panadería | C80: 0.057361449
B81: Pan | C81: 0.045431621
A82: 23490 | B82: Pan y productos de panadería
B83: Otros productos de panadería y repostería n.c.p. | C83: 0.011199085
A84: 23420 | B84: Pan de especias, galletas dulces, obleas y barquillos
A85: 23430 | B85: Los demás productos de panadería y repostería n.c.p. incluso tortillas de harina de trigo (Pasteles)
A86: 1071 | B86: Elaboración de tortillas de maíz | C86: 0.053944312
B87: Tortillas de maíz, incluso tostadas, horneadas o fritas | C87: 0.053683946
A88: 23490 | B88: Pan y productos de panadería
A89: 1072 | B89: Elaboración de azúcar | C89: 0.038608301
B90: Azúcar de caña sin refinar, refinada y los demás azúcares n.c.p. | C90: 0.033874359
A91: 23511 | B91: Azúcar de caña en bruto (sin refinar) sin adición de aromatizantes ni colorantes
A92: 23520 | B92: Azúcar refinada
A93: 1073 | B93: Elaboración de cacao y chocolate y de productos de confitería | C93: 0.0063729534
B94: Cacao, chocolate y productos de confitería | C94: 0.0058057076
A95: 23650 | B95: Chocolate y demás preparaciones alimenticias que contengan cacao (excepto cacao en polvo edulcorado) a granel
A96: 23660 | B96: Chocolate y demás preparaciones alimenticias que contengan cacao (excepto cacao en polvo edulcorado), en bloques, tabletas, o barras excepto a granel
A97: 23670 | B97: Artículos de confitería preparados con azúcar (incluyendo chocolate blanco) que no contengan cacao; vegetales, frutas, frutos secos, cascara de frutas y otras partes de plantas, conservadas por azúcar (Dulces).
A98: 1074 | B98: Elaboración de macarrones, fideos, alcuzcuz y productos farináceos similares | C98: 0.0045227786
B99: Macarrones, fideos y productos farináceos similares | C99: 0.004312859
A100: 23710 | B100: Pastas alimenticias sin cocer, rellenar ni preparar de otra forma
...

Sheet Sheet1
A1: SECCIÓN | B1: NAEG | C1: NPG | E1: PRODUCCIÓN | F1: ESTRUCTURA % | H1: VALOR AGREGADO
A2: C | B2: Industrias manufactureras | E2: 300555.93 | H2: 114528.68
A3: C | B3: AE029 | C3: Elaboración y conservación de carne de ganado bovino | E3: 10458.775 | F3: 100 | H3: 2643.0859 | I3: =H3/SUM($H$3:$H$129) -> 0.023077939
B4: AE029 | C4: P2101 | D4: Carne y despojos comestibles de ganado bovino | E4: 10035.109 | F4: 95.94918
A5: C | B5: AE030 | C5: Elaboración y conservación de carne de ganado porcino | E5: 2605.0246 | F5: 100 | H5: 741.48977 | I5: =H5/SUM($H$3:$H$129) -> 0.0064742716
B6: AE030 | C6: P2102 | D6: Carne y despojos comestibles de ganado porcino | E6: 2016.116 | F6: 77.393356
B7: AE030 | C7: P2104 | D7: Carne y despojos de otros animales y conservas y preparados de carne | E7: 252.08292 | F7: 9.676796
A8: C | B8: AE031 | C8: Elaboración y conservación de carne de aves de corral | E8: 15467.354 | F8: 100 | H8: 4111.6386 | I8: =H8/SUM($H$3:$H$129) -> 0.035900516
B9: AE031 | C9: P2103 | D9: Carne y despojos comestibles de aves | E9: 14776.509 | F9: 95.533526
A10: C | B10: AE032 | C10: Elaboración de productos cárnicos y elaboración de otros productos de origen animal n.c.p. | E10: 4078.4026 | F10: 100 | H10: 1292.2178 | I10: =H10/SUM($H$3:$H$129) -> 0.011282919
B11: AE032 | C11: P2104 | D11: Carne y despojos de otros animales y conservas y preparados de carne | E11: 3855.8572 | F11: 94.543321
A12: C | B12: AE033 | C12: Elaboración y conservación de pescado, crustáceos y moluscos | E12: 1035.5425 | F12: 100 | H12: 206.78166 | I12: =H12/SUM($H$3:$H$129) -> 0.0018055011
B13: AE033 | C13: P2202 | D13: Crustáceos, muloscos y demás invertebrados acuáticos congelados, preparados o en conserva y sus productos | E13: 535.86857 | F13: 51.74762
B14: AE033 | C14: P2201 | D14: Pescado congelado, preparado o en conserva y sus productos | E14: 496.99621 | F14: 47.993803
A15: C | B15: AE034 | C15: Elaboración y conservación de frutas, legumbres y hortalizas | E15: 6290.5468 | F15: 100 | H15: 1807.0939 | I15: =H15/SUM($H$3:$H$129) -> 0.015778527
B16: AE034 | C16: P2303 | D16: Jugos de frutas | E16: 2120.4018 | F16: 33.707751
B17: AE034 | C17: P2301 | D17: Vegetales preparados o en conserva, legumbres y papas | E17: 1449.3082 | F17: 23.039463
B18: AE034 | C18: P2304 | D18: Otras frutas y nueces preparadas y preservadas (excepto por azúcar) | E18: 1134.638 | F18: 18.037192
B19: AE034 | C19: P3401 | D19: Bebidas no alcohólicas | E19: 731.76903 | F19: 11.632837
A20: C | B20: AE035 | C20: Elaboración de aceites y grasas de origen vegetal y animal | E20: 15643.131 | F20: 100 | H20: 5985.524 | I20: =H20/SUM($H$3:$H$129) -> 0.052262228
B21: AE035 | C21: P2401 | D21: Aceites de origen vegetal | E21: 12582.036 | F21: 80.431699
A22: C | B22: AE036 | C22: Elaboración de productos lácteos | E22: 5704.0685 | F22: 100 | H22: 2423.5003 | I22: =H22/SUM($H$3:$H$129) -> 0.021160641
B23: AE036 | C23: P2503 | D23: Otros productos lácteos n.c.p. | E23: 3833.6388 | F23: 67.20885
B24: AE036 | C24: P2501 | D24: Leche líquida y crema procesadas | E24: 1815.5239 | F24: 31.828578
A25: C | B25: AE037 | C25: Elaboración de harina de trigo | E25: 4078.0057 | F25: 100 | H25: 1353.0552 | I25: =H25/SUM($H$3:$H$129) -> 0.011814117
B26: AE037 | C26: P2601 | D26: Harina de trigo | E26: 3554.1725 | F26: 87.154673
A27: C | B27: AE038 | C27: Beneficios de arroz | E27: 1694.4917 | F27: 100 | H27: 886.72013 | I27: =H27/SUM($H$3:$H$129) -> 0.0077423414
B28: AE038 | C28: P2602 | D28: Arroz sin cáscara | E28: 1085.1922 | F28: 64.042346
B29: AE038 | C29: P2603 | D29: Otros productos de molinería n.c.p. | E29: 424.92148 | F29: 25.076635
A30: C | B30: AE039 | C30: Elaboración de otros productos de molinería n.c.p. por cuenta propia | E30: 2608.9433 | F30: 100 | H30: 1103.8417 | I30: =H30/SUM($H$3:$H$129) -> 0.0096381247
B31: AE039 | C31: P2603 | D31: Otros productos de molinería n.c.p. | E31: 1992.2122 | F31: 76.360884
B32: AE039 | C32: P3101 | D32: Productos alimenticios n.c.p. | E32: 367.22096 | F32: 14.075467
A33: C | B33: AE040 | C33: Elaboración de almidones y productos derivados del almidón | E33: 2299.0025 | F33: 100 | H33: 1371.7755 | I33: =H33/SUM($H$3:$H$129) -> 0.011977572
B34: AE040 | C34: P6212 | D34: Servicios de manufactura | E34: 2226.3365 | F34: 96.839237
A35: C | B35: AE041 | C35: Elaboración de productos de panadería | E35: 13772.924 | F35: 100 | H35: 6438.0078 | I35: =H35/SUM($H$3:$H$129) -> 0.056213063
B36: AE041 | C36: P2701 | D36: Pan | E36: 10902.946 | F36: 79.162174
B37: AE041 | C37: P2702 | D37: Otros productos de panadería y repostería n.c.p. | E37: 2681.7031 | F37: 19.470834
A38: C | B38: AE042 | C38: Elaboración de tortillas de maíz | E38: 11657.461 | F38: 100 | H38: 6276.0968 | I38: =H38/SUM($H$3:$H$129) -> 0.054799347
B39: AE042 | C39: P2703 | D39: Tortillas de maíz, incluso tostadas, horneadas o fritas | E39: 11596.062 | F39: 99.473306
A40: C | B40: AE043 | C40: Elaboración de azúcar | E40: 14046.281 | F40: 100 | H40: 4163.3267 | I40: =H40/SUM($H$3:$H$129) -> 0.036351827
B41: AE043 | C41: P2801 | D41: Azúcar de caña sin refinar, refinada y los demás azúcares n.c.p. | E41: 12280.495 | F41: 87.428795
A42: C | B42: AE044 | C42: Elaboración de cacao y chocolate y de productos de confitería | E42: 2257.541 | F42: 100 | H42: 773.34609 | I42: =H42/SUM($H$3:$H$129) -> 0.0067524231
B43: AE044 | C43: P2901 | D43: Cacao, chocolate y productos de confitería | E43: 2056.9973 | F43: 91.116719
A44: C | B44: AE045 | C44: Elaboración de macarrones, fideos, alcuzcuz y productos farináceos similares | E44: 1218.6848 | F44: 100 | H44: 549.84421 | I44: =H44/SUM($H$3:$H$129) -> 0.0048009303
B45: AE045 | C45: P3001 | D45: Macarrones, fideos y productos farináceos similares | E45: 1163.3132 | F45: 95.456446
A46: C | B46: AE046 | C46: Elaboración de otros productos alimenticios n.c.p incluyendo comidas y platos preparados | E46: 9306.9637 | F46: 100 | H46: 4092.6625 | I46: =H46/SUM($H$3:$H$129) -> 0.035734827
B47: AE046 | C47: P3101 | D47: Productos alimenticios n.c.p. | E47: 8911.0525 | F47: 95.746075
A48: C | B48: AE047 | C48: Elaboración de alimentos preparados para animales | E48: 7523.7923 | F48: 100 | H48: 3087.1456 | I48: =H48/SUM($H$3:$H$129) -> 0.026955219
B49: AE047 | C49: P3201 | D49: Preparados para alimentación animal | E49: 7429.9259 | F49: 98.752405
A50: C | B50: AE048 | C50: Destilación, rectificación y mezcla de bebidas alcohólicas | E50: 879.3937 | F50: 100 | H50: 235.1888 | I50: =H50/SUM($H$3:$H$129) -> 0.0020535363
B51: AE048 | C51: P3301 | D51: Aguardientes, licores y demás bebidas espirituosas | E51: 803.48522 | F51: 91.368088
A52: C | B52: AE049 | C52: Elaboración de vinos | E52: 38.21526 | F52: 100 | H52: 16.476815 | I52: =H52/SUM($H$3:$H$129) -> 0.00014386628
B53: AE049 | C53: P3302 | D53: Vinos | E53: 35.105229 | F53: 91.861808
A54: C | B54: AE050 | C54: Elaboración de bebidas malteadas y de malta | E54: 3428.6403 | F54: 100 | H54: 937.93929 | I54: =H54/SUM($H$3:$H$129) -> 0.0081895583
B55: AE050 | C55: P3303 | D55: Cerveza de malta | E55: 2998.2346 | F55: 87.446753
B56: AE050 | C56: P5401 | D56: Servicios de Comercio | E56: 329.23212 | F56: 9.6024109
A57: C | B57: AE051 | C57: Elaboración de bebidas no alcohólicas; producción de aguas minerales y otras aguas embotelladas | E57: 16590.237 | F57: 100 | H57: 4825.24 | I57: =H57/SUM($H$3:$H$129) -> 0.042131282
B58: AE051 | C58: P3401 | D58: Bebidas no alcohólicas | E58: 13464.372 | F58: 81.158408
A59: C | B59: AE052 | C59: Elaboración de productos de tabaco | E59: 592.10473 | F59: 100 | H59: 188.6245 | I59: =H59/SUM($H$3:$H$129) -> 0.001646963
B60: AE052 | C60: P3501 | D60: Productos del tabaco | E60: 543.99874 | F60: 91.875425
A61: C | B61: AE053 | C61: Hilatura, tejedura y acabado de productos textiles | E61: 4025.3308 | F61: 100 | H61: 1178.7921 | I61: =H61/SUM($H$3:$H$129) -> 0.010292549
B62: AE053 | C62: P3601 | D62: Hilados e hilos, tejidos y telas textiles | E62: 3041.0786 | F62: 75.54854
B63: AE053 | C63: P6212 | D63: Servicios de manufactura | E63: 727.34212 | F63: 18.069127
A64: C | B64: AE054 | C64: Fabricación de otros productos textiles | E64: 4462.3933 | F64: 100 | H64: 1891.311 | I64: =H64/SUM($H$3:$H$129) -> 0.016513864
B65: AE054 | C65: P3701 | D65: Otros productos textiles (artículos textiles excepto prendas de vestir) | E65: 3868.8442 | F65: 86.698862
A66: C | B66: AE055 | C66: Fabricación de prendas de vestir | E66: 15213.014 | F66: 100 | H66: 7374.9791 | I66: =H66/SUM($H$3:$H$129) -> 0.064394169
B67: AE055 | C67: P3702 | D67: Prendas de vestir, adobo y teñido de pieles | E67: 9841.3733 | F67: 64.690489
B68: AE055 | C68: P6212 | D68: Servicios de manufactura | E68: 4795.2754 | F68: 31.520876
A69: C | B69: AE056 | C69: Curtido, adobo, teñido de cueros y pieles; fabricación de maletas, bolsos de mano y artículos similares, y artículos de talabartería y guarnicionería | E69: 1107.7907 | F69: 100 | H69: 417.02371 | I69: =H69/SUM($H$3:$H$129) -> 0.0036412165
B70: AE056 | C70: P3801 | D70: Cuero de piel curtida o adobada y cuero artificial o regenerado | E70: 781.86291 | F70: 70.578575
B71: AE056 | C71: P3802 | D71: Artículos de cuero | E71: 325.52009 | F71: 29.384619
A72: C | B72: AE057 | C72: Fabricación de calzado de cualquier material y de cualquier uso; partes de calzado de cuero | E72: 1965.1933 | F72: 100 | H72: 803.93247 | I72: =H72/SUM($H$3:$H$129) -> 0.0070194861
B73: AE057 | C73: P3803 | D73: Calzado y sus partes, de cualquier material y de cualquier uso | E73: 1729.9756 | F73: 88.030814
A74: C | B74: AE058 | C74: Aserrado y acepilladura de madera | E74: 3596.9402 | F74: 100 | H74: 1348.9567 | I74: =H74/SUM($H$3:$H$129) -> 0.011778331
B75: AE058 | C75: P3901 | D75: Madera aserrada y acepillada | E75: 3547.2394 | F75: 98.618247
A76: C | B76: AE059 | C76: Fabricación de productos de madera, productos de corcho, paja y materiales trenzables | E76: 1899.3315 | F76: 100 | H76: 795.67829 | I76: =H76/SUM($H$3:$H$129) -> 0.0069474153
B77: AE059 | C77: P3902 | D77: Productos de madera, corcho, paja, materiales trenzables | E77: 1831.1472 | F77: 96.410089
A78: C | B78: AE060 | C78: Fabricación de papel y productos de papel | E78: 9777.384 | F78: 100 | H78: 3658.0288 | I78: =H78/SUM($H$3:$H$129) -> 0.031939849
B79: AE060 | C79: P4002 | D79: Envases de papel y cartón | E79: 4796.4185 | F79: 49.056256
B80: AE060 | C80: P4001 | D80: Pasta de papel y papel | E80: 4800.0327 | F80: 49.09322
A81: C | B81: AE061 | C81: Impresión y actividades de servicios relacionados con la impresión y reproducción de grabaciones. | E81: 3129.2014 | F81: 100 | H81: 1139.7648 | I81: =H81/SUM($H$3:$H$129) -> 0.0099517855
B82: AE061 | C82: P4004 | D82: Productos de la impresión | E82: 2649.0154 | F82: 84.654678
A83: C | B83: AE062 | C83: Fabricación de coque y productos de la refinación del petróleo | E83: 0 | F83: 0 | H83: 0 | I83: =H83/SUM($H$3:$H$129) -> 0
B84: AE062 | C84: P0101 | D84: Trigo | E84: 0 | F84: 0
A85: C | B85: AE063 | C85: Fabricación de alcoholes | E85: 1863.8747 | F85: 100 | H85: 570.0521 | I85: =H85/SUM($H$3:$H$129) -> 0.0049773743
B86: AE063 | C86: P4201 | D86: Alcoholes | E86: 1457.5922 | F86: 78.202267
B87: AE063 | C87: P3301 | D87: Aguardientes, licores y demás bebidas espirituosas | E87: 396.9764 | F87: 21.298449
A88: C | B88: AE064 | C88: Fabricación de abonos , compuestos de nitrógeno, plaguicidas y otros productos químicos de uso agropecuario | E88: 7515.6707 | F88: 100 | H88: 3414.7314 | I88: =H88/SUM($H$3:$H$129) -> 0.029815513
B89: AE064 | C89: P4202 | D89: Abonos, fertilizantes y pesticidas | E89: 7300.0247 | F89: 97.130715
A90: C | B90: AE065 | C90: Fabricación de plásticos y caucho sintético en formas primarias | E90: 0 | F90: 0 | H90: 0 | I90: =H90/SUM($H$3:$H$129) -> 0
B91: AE065 | C91: P0101 | D91: Trigo | E91: 0 | F91: 0
A92: C | B92: AE066 | C92: Fabricación de pinturas, barnices y productos de revestimiento similares, tintas de imprenta y masillas | E92: 1616.7357 | F92: 100 | H92: 663.44823 | I92: =H92/SUM($H$3:$H$129) -> 0.0057928568
B93: AE066 | C93: P4204 | D93: Pinturas y barnices y productos relacionados, colores artisticos, tinta | E93: 1570.786 | F93: 97.157868
A94: C | B94: AE067 | C94: Fabricación de jabones y detergentes, preparados para limpiar y pulir, perfumes y preparados de tocador | E94: 8000.6331 | F94: 100 | H94: 3368.2897 | I94: =H94/SUM($H$3:$H$129) -> 0.029410011
B95: AE067 | C95: P4205 | D95: Jabón, preparados de limpieza, perfumes y preparados de toilet | E95: 7802.349 | F95: 97.521645
A96: C | B96: AE068 | C96: Fabricación de otras sustancias químicas básicas, otros productos químicos y fibras artificiales | E96: 2600.1522 | F96: 100 | H96: 1102.9651 | I96: =H96/SUM($H$3:$H$129) -> 0.0096304708
B97: AE068 | C97: P4206 | D97: Productos Químicos Básicos excepto alcoholes | E97: 1320.5994 | F97: 50.789309
B98: AE068 | C98: P4207 | D98: Productos químicos n.c.p. y fibras sintéticas o artificiales | E98: 786.47432 | F98: 30.247242
A99: C | B99: AE069 | C99: Fabricación de productos farmacéuticos, sustancias químicas medicinales y productos botánicos de uso farmacéutico | E99: 6900.1331 | F99: 100 | H99: 2792.5611 | I99: =H99/SUM($H$3:$H$129) -> 0.024383073
B100: AE069 | C100: P4208 | D100: Productos Farmaceúticos | E100: 5594.5281 | F100: 81.078553
...

Sheet Base_revision
A1: Seccion | B1: NAEG | C1: Nombre/NPG | D1: Nom_prod | E1: VALOR | F1: Participacion | G1: VAB | N1: VAB2022 | O1: VAB2023 | Q1: VBP2022 | R1: VBP2023 | T1: SECCIÓN | U1: NAEG | V1: NPG/NombreNAEG | W1: Glosa_NPG | X1: VAB2022 | Y1: PRODUCCIÓN | Z1: ESTRUCTURA % | AA1: Porcentaje VBP | AB1: CIIU correl | AC1: CIIU_Clase | AD1: code | AE1: NOMBRE | AF1: Participacion 2022 | AG1: Partic. 2023 VAB | AH1: Participacion 2023
A2: C | B2: AE029 | C2: Elaboración y conservación de carne de ganado bovino | E2: 10458.775 | F2: 100 | G2: =VLOOKUP(B2,$L$2:$N$122,3,FALSE) -> 765.90094 | L2: AE029 | M2: Elaboración y conservación de carne de ganado bovino | N2: 765.90094 | O2: 444.21099 | P2: AE029 | Q2: 1520.3302 | R2: 1128.3402 | T2: C | U2: Industrias manufactureras | X2: 104349.64 | Y2: 290729.35 | AB2: C | AD2: C | AE2: Industrias manufactureras
B3: AE029 | C3: P2101 | D3: Carne y despojos comestibles de ganado bovino | E3: 10035.109 | F3: 95.94918 | L3: AE030 | M3: Elaboración y conservación de carne de ganado porcino | N3: 2080.9968 | O3: 1405.3571 | P3: AE030 | Q3: 4458.0413 | R3: 3320.5905 | T3: C | U3: AE029 | V3: Elaboración y conservación de carne de ganado bovino | X3: =VLOOKUP(U3,'[1]% SECCION_ECONOMIA 2022'!$C$81:$I$209,7,FALSE) -> 2293.4968 | Y3: 9298.8396 | Z3: 100 | AA3: =X3/$X$2 -> 0.021978962 | AB3: 10101 | AC3: =LEFT(AB3,4) -> 1010 | AD3: 1010 | AE3: Elaboración y conservación de carne de ganado bovino | AF3: =AN3 -> 0.022185477 | AG3: =VLOOKUP(U3,Sheet1!$B$3:$I$129,8,FALSE) -> 0.023077939 | AH3: =AG3 -> 0.023077939 | AI3: =AG3/AF3-1 -> 0.040227292 | AL3: 1010 | AM3: Elaboración y conservación de carne de ganado bovino | AN3: 0.022185477
A4: C | B4: AE030 | C4: Elaboración y conservación de carne de ganado porcino | E4: 2605.0246 | F4: 100 | G4: =VLOOKUP(B4,$L$2:$N$122,3,FALSE) -> 2080.9968 | L4: AE031 | M4: Elaboración y conservación de carne de aves de corral | N4: 5985.6467 | O4: 3899.5348 | P4: AE031 | Q4: 12936.486 | R4: 9683.78 | U4: AE029 | V4: P2101 | W4: Carne y despojos comestibles de ganado bovino | Y4: 8904.6478 | Z4: 95.760849 | AC4: =LEFT(AB4,4) | AE4: Carne y despojos comestibles de ganado bovino | AF4: =Z4*AF3/100 -> 0.021245002 | AG4: =VLOOKUP(V4,Sheet1!$C$4:$F$131,4,FALSE) -> 95.94918 | AH4: =AG4*AH3/100 -> 0.022143093 | AI4: =AH4/AF4-1 -> 0.042273086
AD5: 21111 | AE5: Carne de ganado bovino, fresca o refrigerada | AF5: =AF4/AF4*AF3 -> 0.022185477 | AH5: =AH4/AH4*AH3 -> 0.023077939
B6: AE030 | C6: P2102 | D6: Carne y despojos comestibles de ganado porcino | E6: 2016.116 | F6: 77.393356 | L6: AE032 | M6: Elaboración de productos cárnicos y elaboración de otros productos de origen animal n.c.p. | N6: 5629.0697 | O6: 3473.9102 | P6: AE032 | Q6: 10633.25 | R6: 7007.7888 | T6: C | U6: AE030 | V6: Elaboración y conservación de carne de ganado porcino | X6: =VLOOKUP(U6,'[1]% SECCION_ECONOMIA 2022'!$C$81:$I$209,7,FALSE) -> 663.6034 | Y6: 2340.483 | Z6: 100 | AA6: =X6/$X$2 -> 0.0063594218 | AB6: 10102 | AC6: =LEFT(AB6,4) -> 1010 | AD6: 1010 | AE6: =V6 -> Elaboración y conservación de carne de ganado porcino | AF6: =AN6 -> 0.0064191753 | AG6: =VLOOKUP(U6,Sheet1!$B$3:$I$129,8,FALSE) -> 0.0064742716 | AH6: =AG6 -> 0.0064742716 | AI6: =AG6/AF6-1 -> 0.0085830723 | AL6: 1010 | AM6: Elaboración y conservación de carne de ganado porcino | AN6: 0.0064191753
B7: AE030 | C7: P2104 | D7: Carne y despojos de otros animales y conservas y preparados de carne | E7: 252.08292 | F7: 9.676796 | L7: AE033 | M7: Elaboración y conservación de pescado, crustáceos y moluscos | N7: 4028.7624 | O7: 4376.0591 | P7: AE033 | Q7: 13926.703 | R7: 12985.049 | U7: AE030 | V7: P2102 | W7: Carne y despojos comestibles de ganado porcino | Y7: 1769.53 | Z7: 75.605335 | AE7: Carne de cerdo, fresca o refrigerada | AF7: =Z7*AF6/100 -> 0.004853239 | AG7: =VLOOKUP(V7,Sheet1!$C$4:$F$131,4,FALSE) -> 77.393356 | AH7: =AG7*AH6/100 -> 0.0050106561 | AI7: =AH7/AF7-1 -> 0.03243546
AD8: 21113 | AE8: Carne de cerdo, fresca o refrigerada | AF8: =AF7/($AH$7+$AH$9)*$AH$6 -> 0.0055739411 | AH8: =AH7/($AH$7+$AH$9)*$AH$6 -> 0.0057547345
A9: C | B9: AE031 | C9: Elaboración y conservación de carne de aves de corral | E9: 15467.354 | F9: 100 | G9: =VLOOKUP(B9,$L$2:$N$122,3,FALSE) -> 5985.6467 | L9: AE034 | M9: Elaboración y conservación de frutas, legumbres y hortalizas | N9: 4160.0959 | O9: 3250.5095 | P9: AE034 | Q9: 11398.973 | R9: 8637.0781 | U9: AE030 | V9: P2104 | W9: Carne y despojos de otros animales y conservas y preparados de carne | Y9: 238.67365 | Z9: 10.197624 | AE9: Carne y despojos de otros animales y conservas y preparados de carne | AF9: =Z9*AF6/100 -> 0.00065460336 | AG9: =VLOOKUP(V9,Sheet1!$C$4:$F$131,4,FALSE) -> 9.676796 | AH9: =AG9*AH6/100 -> 0.00062650205 | AI9: =AH9/AF9-1 -> -0.042928755
AD10: 21119 | AE10: Otras carnes de mamíferos, fresca o refrigerada | AF10: =AF9/($AH$7+$AH$9)*$AH$6 -> 0.00075181143 | AH10: =AH9/($AH$7+$AH$9)*$AH$6 -> 0.0007195371
B11: AE031 | C11: P2103 | D11: Carne y despojos comestibles de aves | E11: 14776.509 | F11: 95.533526 | L11: AE035 | M11: Elaboración de aceites y grasas de origen vegetal y animal | N11: 2724.8798 | O11: 1628.3915 | P11: AE035 | Q11: 7267.5922 | R11: 5179.4898 | T11: C | U11: AE031 | V11: Elaboración y conservación de carne de aves de corral | X11: =VLOOKUP(U11,'[1]% SECCION_ECONOMIA 2022'!$C$81:$I$209,7,FALSE) -> 3651.404 | Y11: 13487.919 | Z11: 100 | AA11: =X11/$X$2 -> 0.034992012 | AB11: 10103 | AC11: =LEFT(AB11,4) -> 1010 | AD11: 1010 | AE11: =V11 -> Elaboración y conservación de carne de aves de corral | AF11: =AN11 -> 0.035320799 | AG11: =VLOOKUP(U11,Sheet1!$B$3:$I$129,8,FALSE) -> 0.035900516 | AH11: =AG11 -> 0.035900516 | AI11: =AG11/AF11-1 -> 0.016412887 | AL11: 1010 | AM11: Elaboración y conservación de carne de aves de corral | AN11: 0.035320799
A12: C | B12: AE032 | C12: Elaboración de productos cárnicos y elaboración de otros productos de origen animal n.c.p. | E12: 4078.4026 | F12: 100 | G12: =VLOOKUP(B12,$L$2:$N$122,3,FALSE) -> 5629.0697 | L12: AE036 | M12: Elaboración de productos lácteos | N12: 1049.2953 | O12: 1186.8928 | P12: AE036 | Q12: 4382.6725 | R12: 3887.7555 | U12: AE031 | V12: P2103 | W12: Carne y despojos comestibles de aves | Y12: 12872.663 | Z12: 95.438459 | AE12: Carne de pollo, fresca o refrigerada | AF12: =Z12*AF11/100 -> 0.033709627 | AG12: =VLOOKUP(V12,Sheet1!$C$4:$F$131,4,FALSE) -> 95.533526 | AH12: =AG12*AH11/100 -> 0.034297029 | AI12: =AH12/AF12-1 -> 0.017425343
AD13: 21121 | AE13: Carne de pollo, fresca o refrigerada | AF13: =AF12/AF12*AF11 -> 0.035320799 | AH13: =AH12/AH12*AH11 -> 0.035900516
AD14: 21160 | AE14: Despojos comestibles de aves de corral, frescos, refrigerados o congelados
B15: AE032 | C15: P2104 | D15: Carne y despojos de otros animales y conservas y preparados de carne | E15: 3855.8572 | F15: 94.543321 | L15: AE037 | M15: Elaboración de harina de trigo | N15: 3733.6507 | O15: 3835.9226 | P15: AE037 | Q15: 14340.219 | R15: 12242.223 | T15: C | U15: AE032 | V15: Elaboración de productos cárnicos y elaboración de otros productos de origen animal n.c.p. | X15: =VLOOKUP(U15,'[1]% SECCION_ECONOMIA 2022'!$C$81:$I$209,7,FALSE) -> 1198.4314 | Y15: 3804.6624 | Z15: 100 | AA15: =X15/$X$2 -> 0.011484768 | AB15: 10104 | AC15: =LEFT(AB15,4) -> 1010 | AD15: 1010 | AE15: =V15 -> Elaboración de productos cárnicos y elaboración de otros productos de origen animal n.c.p. | AF15: =AN15 -> 0.011592679 | AG15: =VLOOKUP(U15,Sheet1!$B$3:$I$129,8,FALSE) -> 0.011282919 | AH15: =AG15 -> 0.011282919 | AI15: =AG15/AF15-1 -> -0.026720315 | AL15: 1010 | AM15: Elaboración de productos cárnicos y elaboración de otros productos de origen animal n.c.p. | AN15: 0.011592679
A16: C | B16: AE033 | C16: Elaboración y conservación de pescado, crustáceos y moluscos | E16: 1035.5425 | F16: 100 | G16: =VLOOKUP(B16,$L$2:$N$122,3,FALSE) -> 4028.7624 | L16: AE038 | M16: Beneficios de arroz | N16: 2833.2948 | O16: 2639.9503 | P16: AE038 | Q16: 8376.4913 | R16: 7282.1213 | U16: AE032 | V16: P2104 | W16: Carne y despojos de otros animales y conservas y preparados de carne | Y16: 3603.9197 | Z16: 94.723771 | AE16: =W16 -> Carne y despojos de otros animales y conservas y preparados de carne | AF16: =AF15*Z16/100 -> 0.010981023 | AG16: =Sheet1!F11 -> 94.543321 | AH16: =AG16*AH15/100 -> 0.010667246 | AI16: =AH16/AF16-1 -> -0.02857443
AD17: 21174 | AE17: Embutidos y productos similares de carne, despojos o sangre | AF17: =AF16/AF16*AF15 -> 0.011592679 | AH17: =AH16/AH16*AH15 -> 0.011282919
B18: AE033 | C18: P2202 | D18: Crustáceos, muloscos y demás invertebrados acuáticos congelados, preparados o en conserva y sus productos | E18: 535.86857 | F18: 51.74762 | L18: AE039 | M18: Elaboración de otros productos de molinería n.c.p. por cuenta propia | N18: 7713.446 | O18: 6923.9233 | P18: AE039 | Q18: 16131.452 | R18: 14159.957 | T18: C | U18: AE033 | V18: Elaboración y conservación de pescado, crustáceos y moluscos | X18: =VLOOKUP(U18,'[1]% SECCION_ECONOMIA 2022'!$C$81:$I$209,7,FALSE) -> 353.14675 | Y18: 1491.6421 | Z18: 100 | AA18: =X18/$X$2 -> 0.003384264 | AB18: 1020 | AC18: =LEFT(AB18,4) -> 1020 | AD18: 1020 | AE18: =V18 -> Elaboración y conservación de pescado, crustáceos y moluscos | AF18: =AN18 -> 0 | AG18: =VLOOKUP(U18,Sheet1!$B$3:$I$129,8,FALSE) -> 0.0018055011 | AH18: =AG18 -> 0.0018055011 | AI18: =AG18/AF18-1 -> #DIV/0! | AL18: 1020 | AM18: Elaboración y conservación de pescado, crustáceos y moluscos
B19: AE033 | C19: P2201 | D19: Pescado congelado, preparado o en conserva y sus productos | E19: 496.99621 | F19: 47.993803 | L19: AE040 | M19: Elaboración de almidones y productos derivados del almidón | N19: 1035.9504 | O19: 972.96677 | P19: AE040 | Q19: 2937.5552 | R19: 2615.2248 | U19: AE033 | V19: P2202 | W19: Crustáceos, muloscos y demás invertebrados acuáticos congelados, preparados o en conserva y sus productos | Y19: 745.05686 | Z19: 49.948768 | AE19: Crustáceos, congelados | AF19: =Z19*AA18/100 -> 0.0016903982 | AG19: =VLOOKUP(V19,Sheet1!$C$4:$F$131,4,FALSE) -> 51.74762 | AH19: =AG19*AH18/100 -> 0.00093430386 | AI19: =AH19/AF19-1 -> -0.44728771
AD20: 21250 | AE20: Crustáceos, congelados | AF20: =(AF19/($AF$19+$AF$21)*$AF$18) -> 0 | AH20: =(AH19/($AH$19+$AH$21)*$AH$18) -> 0.00093672602
A21: C | B21: AE034 | C21: Elaboración y conservación de frutas, legumbres y hortalizas | E21: 6290.5468 | F21: 100 | G21: =VLOOKUP(B21,$L$2:$N$122,3,FALSE) -> 4160.0959 | L21: AE041 | M21: Elaboración de productos de panadería | N21: 2026.4841 | O21: 1277.2967 | P21: AE041 | Q21: 5287.0732 | R21: 3701.5394 | U21: AE033 | V21: P2201 | W21: Pescado congelado, preparado o en conserva y sus productos | Y21: 743.18318 | Z21: 49.823157 | AE21: Pescado congelado (excepto filetes y carne de pescado) | AF21: =Z21*AF18/100 -> 0 | AG21: =VLOOKUP(V21,Sheet1!$C$4:$F$131,4,FALSE) -> 47.993803 | AH21: =AG21*AH18/100 -> 0.00086652865 | AI21: =AH21/AF21-1 -> #DIV/0!
AD22: 21221 | AE22: Filetes y carne de pescado (este o no picada), frescos o refrigerados | AF22: =(AF21/($AF$19+$AF$21)*$AF$18) -> 0 | AH22: =(AH21/($AH$19+$AH$21)*$AH$18) -> 0.00086877511
B23: AE034 | C23: P2303 | D23: Jugos de frutas | E23: 2120.4018 | F23: 33.707751 | L23: AE042 | M23: Elaboración de tortillas de maíz | N23: 2599.6731 | O23: 1887.997 | P23: AE042 | Q23: 8977.2816 | R23: 6610.9112 | T23: C | U23: AE034 | V23: Elaboración y conservación de frutas, legumbres y hortalizas | X23: =VLOOKUP(U23,'[1]% SECCION_ECONOMIA 2022'!$C$81:$I$209,7,FALSE) -> 1683.6569 | Y23: 5901.3352 | Z23: 100 | AA23: =X23/$X$2 -> 0.016134765 | AB23: 1030 | AC23: =LEFT(AB23,4) -> 1030 | AD23: 1030 | AE23: =V23 -> Elaboración y conservación de frutas, legumbres y hortalizas | AF23: =AN23 -> 0.016286368 | AG23: =VLOOKUP(U23,Sheet1!$B$3:$I$129,8,FALSE) -> 0.015778527 | AH23: =AG23 -> 0.015778527 | AI23: =AG23/AF23-1 -> -0.031181942 | AL23: 1030 | AM23: Elaboración y conservación de frutas, legumbres y hortalizas | AN23: 0.016286368
B24: AE034 | C24: P2301 | D24: Vegetales preparados o en conserva, legumbres y papas | E24: 1449.3082 | F24: 23.039463 | L24: AE043 | M24: Elaboración de azúcar | N24: 974.77201 | O24: 1030.6753 | P24: AE043 | Q24: 2875.8252 | R24: 2496.3436 | U24: AE034 | V24: P2303 | W24: Jugos de frutas | Y24: 1940.2445 | Z24: 32.878059 | AE24: Jugos de frutas | AF24: =Z24*AF23/100 -> 0.0053546416 | AG24: =VLOOKUP(V24,Sheet1!$C$4:$F$131,4,FALSE) -> 33.707751 | AH24: =AG24*AH23/100 -> 0.0053185867 | AI24: =AH24/AF24-1 -> -0.0067333969
AD25: 21431 | AE25: Jugo de naranja | AF25: =(AF24/($AF$24+$AF$28+$AF$32+$AF$39)*$AF$23) -> 0.0062123982 | AH25: =(AH24/($AH$24+$AH$28+$AH$32+$AH$39)*$AH$23) -> 0.0061545434
AD26: 21435 | AE26: Jugo de manzana
AD27: 21439 | AE27: Otros jugos de frutas, n.c.p.
B28: AE034 | C28: P2304 | D28: Otras frutas y nueces preparadas y preservadas (excepto por azúcar) | E28: 1134.638 | F28: 18.037192 | L28: AE044 | M28: Elaboración de cacao y chocolate y de productos de confitería | N28: 3265.1852 | O28: 2073.0569 | P28: AE044 | Q28: 7866.4176 | R28: 5264.2734 | U28: AE034 | V28: P2301 | W28: Vegetales preparados o en conserva, legumbres y papas | Y28: 1392.5098 | Z28: 23.596521 | AE28: =W28 -> Vegetales preparados o en conserva, legumbres y papas | AF28: =Z28*AF$23/100 -> 0.0038430161 | AG28: =VLOOKUP(V28,Sheet1!$C$4:$F$131,4,FALSE) -> 23.039463 | AH28: =AG28*AH23/100 -> 0.0036352879 | AI28: =AH28/AF28-1 -> -0.054053427
AD29: 21311 | AE29: Frijoles estén o no desenvainados, cocidos en agua o vapor, Congelados. | AF29: =(AF28/($AF$24+$AF$28+$AF$32+$AF$39)*$AF$23) -> 0.0044586264 | AH29: =(AH28/($AH$24+$AH$28+$AH$32+$AH$39)*$AH$23) -> 0.0042066697
AD30: 21395 | AE30: Frijoles, preparados o conservados, sin congelar. (excepto en vinagre o ácido acético).
AD31: 21399 | AE31: Otros vegetales y legumbres, conservados por algo que no sea vinagre, ácido acético o azúcar, n.c.p.
B32: AE034 | C32: P3401 | D32: Bebidas no alcohólicas | E32: 731.76903 | F32: 11.632837 | L32: AE045 | M32: Elaboración de macarrones, fideos, alcuzcuz y productos farináceos similares | N32: 2797.5387 | O32: 2555.9811 | P32: AE045 | Q32: 7377.2439 | R32: 6103.8861 | U32: AE034 | V32: P2304 | W32: Otras frutas y nueces preparadas y preservadas (excepto por azúcar) | Y32: 1083.1776 | Z32: 18.354788 | AE32: =W32 -> Otras frutas y nueces preparadas y preservadas (excepto por azúcar) | AF32: =Z32*AF$23/100 -> 0.0029893283 | AG32: =VLOOKUP(V32,Sheet1!$C$4:$F$131,4,FALSE) -> 18.037192 | AH32: =AG32*AH23/100 -> 0.0028460032 | AI32: =AH32/AF32-1 -> -0.047945576
AD33: 21491 | AE33: Piñas, preparadas o conservados | AF33: =(AF32/($AF$24+$AF$28+$AF$32+$AF$39)*$AF$23) -> 0.0034681869 | AH33: =(AH32/($AH$24+$AH$28+$AH$32+$AH$39)*$AH$23) -> 0.003293328
AD34: 21492 | AE34: Melocotones, preparados o conservados
AD35: 21493 | AE35: Otras frutas, sin cocer o cocidos, congelados
AD36: 21494 | AE36: Compotas, jaleas y mermeladas, purés y pastas de frutas u otros frutos
AD37: 21495 | AE37: Mantequilla de maní, pastas de almendra y otras mezclas de nueces y semillas tosdados, salados o preparados de otro modo n.c.p
AD38: 21499 | AE38: Otras preparaciones y conservas de frutas y nueces, n.c.p.
A39: C | B39: AE035 | C39: Elaboración de aceites y grasas de origen vegetal y animal | E39: 15643.131 | F39: 100 | G39: =VLOOKUP(B39,$L$2:$N$122,3,FALSE) -> 2724.8798 | L39: AE046 | M39: Elaboración de otros productos alimenticios n.c.p incluyendo comidas y platos preparados | N39: 2201.8797 | O39: 1938.7121 | P39: AE046 | Q39: 6160.5907 | R39: 4844.272 | U39: AE034 | V39: P3401 | W39: Bebidas no alcohólicas | Y39: 670.59579 | Z39: 11.363459 | AE39: =W39 -> Bebidas no alcohólicas | AF39: =Z39*AF$23/100 -> 0.0018506947 | AG39: =VLOOKUP(V39,Sheet1!$C$4:$F$131,4,FALSE) -> 11.632837 | AH39: =AG39*AH23/100 -> 0.0018354903 | AI39: =AH39/AF39-1 -> -0.0082154951
AD40: 24490 | AE40: Otras bebidas calóricas no alcohólicas (Bebidas gaseosas, jugos y refrescos artificiales, bebidas deportivas, agua mineral con sabor) | AF40: =(AF39/($AF$24+$AF$28+$AF$32+$AF$39)*$AF$23) -> 0.0021471563 | AH40: =(AH39/($AH$24+$AH$28+$AH$32+$AH$39)*$AH$23) -> 0.0021239862
AD41: 24410 | AE41: Aguas embotelladas, no endulzadas ni saborizadas (Agua pura, agua con gas o mineral sin sabor, hielo)
B42: AE035 | C42: P2401 | D42: Aceites de origen vegetal | E42: 12582.036 | F42: 80.431699 | L42: AE047 | M42: Elaboración de alimentos preparados para animales | N42: 2593.1236 | O42: 1949.1816 | P42: AE047 | Q42: 6585.0923 | R42: 5302.0913 | T42: C | U42: AE035 | V42: Elaboración de aceites y grasas de origen vegetal y animal | X42: =VLOOKUP(U42,'[1]% SECCION_ECONOMIA 2022'!$C$81:$I$209,7,FALSE) -> 5881.5027 | Y42: 15864.344 | Z42: 100 | AA42: =X42/$X$2 -> 0.056363419 | AB42: 1040 | AC42: =LEFT(AB42,4) -> 1040 | AD42: 1040 | AE42: =V42 -> Elaboración de aceites y grasas de origen vegetal y animal | AF42: =AN42 -> 0.056893013 | AG42: =VLOOKUP(U42,Sheet1!$B$3:$I$129,8,FALSE) -> 0.052262228 | AH42: =AG42 -> 0.052262228 | AI42: =AG42/AF42-1 -> -0.081394612 | AL42: 1040 | AM42: Elaboración de aceites y grasas de origen vegetal y animal | AN42: 0.056893013
A43: C | B43: AE036 | C43: Elaboración de productos lácteos | E43: 5704.0685 | F43: 100 | G43: =VLOOKUP(B43,$L$2:$N$122,3,FALSE) -> 1049.2953 | L43: AE048 | M43: Destilación, rectificación y mezcla de bebidas alcohólicas | N43: 6307.2973 | O43: 3548.4509 | P43: AE048 | Q43: 16764.058 | R43: 11435.852 | U43: AE035 | V43: P2401 | W43: Aceites de origen vegetal | Y43: 12982.825 | Z43: 81.836503 | AE43: =W43 -> Aceites de origen vegetal | AF43: =$Z43*AF42/100 -> 0.046559252 | AG43: =VLOOKUP(V43,Sheet1!$C$4:$F$131,4,FALSE) -> 80.431699 | AH43: =AG43*AH42/100 -> 0.042035398 | AI43: =AH43/AF43-1 -> -0.097163379
AD44: 21535 | AE44: Aceite de palma, crudo | AH44: =AH43/$AH$43*$AH$42 -> 0.052262228
AD45: 21539 | AE45: Los demás aceites vegetales, crudo, n.c.p.
AD46: 21545 | AE46: Aceite de palma, refinado
AD47: 21549 | AE47: Otros aceites vegetales, refinados, n.c.p.
B48: AE036 | C48: P2503 | D48: Otros productos lácteos n.c.p. | E48: 3833.6388 | F48: 67.20885 | L48: AE049 | M48: Elaboración de vinos | N48: 498.44564 | O48: 353.90976 | P48: AE049 | Q48: 1306.7459 | R48: 1022.1865 | T48: C | U48: AE036 | V48: Elaboración de productos lácteos | X48: =VLOOKUP(U48,'[1]% SECCION_ECONOMIA 2022'!$C$81:$I$209,7,FALSE) -> 2004.8728 | Y48: 4950.6646 | Z48: 100 | AA48: =X48/$X$2 -> 0.01921303 | AB48: 1050 | AC48: =LEFT(AB48,4) -> 1050 | AD48: 1050 | AE48: =V48 -> Elaboración de productos lácteos | AF48: =AN48 -> 0.019393556 | AG48: =VLOOKUP(U48,Sheet1!$B$3:$I$129,8,FALSE) -> 0.021160641 | AH48: =AG48 -> 0.021160641 | AI48: =AG48/AF48-1 -> 0.091117114 | AL48: 1050 | AM48: Elaboración de productos lácteos | AN48: 0.019393556
B49: AE036 | C49: P2501 | D49: Leche líquida y crema procesadas | E49: 1815.5239 | F49: 31.828578 | L49: AE050 | M49: Elaboración de bebidas malteadas y de malta | N49: 5444.9937 | O49: 4998.4168 | P49: AE050 | Q49: 12573.944 | R49: 11168.638 | U49: AE036 | V49: P2503 | W49: Otros productos lácteos n.c.p. | Y49: 3340.5072 | Z49: 67.475934 | AE49: =W49 -> Otros productos lácteos n.c.p. | AF49: =$Z49*AF48/100 -> 0.013085983 | AG49: =VLOOKUP(V49,Sheet1!$C$4:$F$131,4,FALSE) -> 67.20885 | AH49: =AG49*AH$48/100 -> 0.014221824 | AI49: =AH49/AF49-1 -> 0.086798246
AD50: 22229 | AE50: Leche y crema, n.c.p. | AH50: =AH49/($AH$49+$AH$55)*$AH$48 -> 0.014360049
AD51: 22251 | AE51: Quesos de leche de bovino, frescos o procesados
AD52: 22260 | AE52: Caseina
AD53: 22270 | AE53: Helados y productos similares
AD54: 22290 | AE54: Productos lácteos n.c.p.
A55: C | B55: AE037 | C55: Elaboración de harina de trigo | E55: 4078.0057 | F55: 100 | G55: =VLOOKUP(B55,$L$2:$N$122,3,FALSE) -> 3733.6507 | L55: AE051 | M55: Elaboración de bebidas no alcohólicas; producción de aguas minerales y otras aguas embotelladas | N55: 1144.4535 | O55: 851.43412 | P55: AE051 | Q55: 2509.4653 | R55: 1989.1878 | U55: AE036 | V55: P2501 | W55: Leche líquida y crema procesadas | Y55: 1560.7599 | Z55: 31.526269 | AE55: =W55 -> Leche líquida y crema procesadas | AF55: =$Z55*AF48/100 -> 0.0061140649 | AG55: =VLOOKUP(V55,Sheet1!$C$4:$F$131,4,FALSE) -> 31.828578 | AH55: =AG55*AH$48/100 -> 0.0067351313 | AI55: =AH55/AF55-1 -> 0.10157995
AD56: 22110 | AE56: Leche liquida procesada | AH56: =AH55/($AH$49+$AH$55)*$AH$48 -> 0.0068005919
AD57: 22120 | AE57: Crema fresca
B58: AE037 | C58: P2601 | D58: Harina de trigo | E58: 3554.1725 | F58: 87.154673 | L58: AE052 | M58: Elaboración de productos de tabaco | N58: 6842.7118 | O58: 4194.9074 | P58: AE052 | Q58: 22618.36 | R58: 14444.072 | T58: C | U58: AE037 | V58: Elaboración de harina de trigo | X58: =VLOOKUP(U58,'[1]% SECCION_ECONOMIA 2022'!$C$81:$I$209,7,FALSE) -> 974.22887 | Y58: 3945.611 | Z58: 100 | AA58: =X58/$X$2 -> 0.0093361974 | AB58: 10611 | AC58: =LEFT(AB58,4) -> 1061 | AD58: 1061 | AE58: =V58 -> Elaboración de harina de trigo | AF58: =AN58 -> 0.0094239208 | AG58: =VLOOKUP(U58,Sheet1!$B$3:$I$129,8,FALSE) -> 0.011814117 | AH58: =AG58 -> 0.011814117 | AI58: =AG58/AF58-1 -> 0.25363078 | AL58: 1061 | AM58: Elaboración de harina de trigo | AN58: 0.0094239208
A59: C | B59: AE038 | C59: Beneficios de arroz | E59: 1694.4917 | F59: 100 | G59: =VLOOKUP(B59,$L$2:$N$122,3,FALSE) -> 2833.2948 | L59: AE053 | M59: Hilatura, tejedura y acabado de productos textiles | N59: 2897.0785 | O59: 3153.8338 | P59: AE053 | Q59: 9182.8126 | R59: 7925.7278 | U59: AE037 | V59: P2601 | W59: Harina de trigo | Y59: 3450.3241 | Z59: 87.447144 | AE59: =W59 -> Harina de trigo | AF59: =$Z59*AF58/100 -> 0.0082409496 | AG59: =VLOOKUP(V59,Sheet1!$C$4:$F$131,4,FALSE) -> 87.154673 | AH59: =AG59*AH58/100 -> 0.010296555 | AI59: =AH59/AF59-1 -> 0.24943796
AD60: 23110 | AE60: Harina de trigo o de morcajo (tranquillón) | AH60: =AH59/AH59*AH58 -> 0.011814117
B61: AE038 | C61: P2602 | D61: Arroz sin cáscara | E61: 1085.1922 | F61: 64.042346 | L61: AE054 | M61: Fabricación de otros productos textiles | N61: 3485.7241 | O61: 2599.5473 | P61: AE054 | Q61: 9233.8963 | R61: 6798.6616 | T61: C | U61: AE038 | V61: Beneficios de arroz | X61: =VLOOKUP(U61,'[1]% SECCION_ECONOMIA 2022'!$C$81:$I$209,7,FALSE) -> 765.90094 | Y61: 1520.3302 | Z61: 100 | AA61: =X61/$X$2 -> 0.0073397561 | AB61: 10612 | AC61: =LEFT(AB61,4) -> 1061 | AD61: 1061 | AE61: =V61 -> Beneficios de arroz | AF61: =AN61 -> 0.0074087209 | AG61: =VLOOKUP(U61,Sheet1!$B$3:$I$129,8,FALSE) -> 0.0077423414 | AH61: =AG61 -> 0.0077423414 | AI61: =AG61/AF61-1 -> 0.04503079 | AL61: 1061 | AM61: Beneficios de arroz | AN61: 0.0074087209
B62: AE038 | C62: P2603 | D62: Otros productos de molinería n.c.p. | E62: 424.92148 | F62: 25.076635 | L62: AE055 | M62: Fabricación de prendas de vestir | N62: 824.95015 | O62: 794.56315 | P62: AE055 | Q62: 2015.2722 | R62: 1702.1296 | U62: AE038 | V62: P2602 | W62: Arroz sin cáscara | Y62: 967.80099 | Z62: 63.657291 | AE62: =W62 -> Arroz sin cáscara | AF62: =$Z62*AF61/100 -> 0.004716191 | AG62: =VLOOKUP(V62,Sheet1!$C$4:$F$131,4,FALSE) -> 64.042346 | AH62: =AG62*AH$61/100 -> 0.0049583771 | AI62: =AH62/AF62-1 -> 0.051352057
AD63: 23161 | AE63: Arroz, semi- o totalmente molido | AH63: =AH62/($AH$62+$AH$64)*$AH$61 -> 0.0055637722
A64: C | B64: AE039 | C64: Elaboración de otros productos de molinería n.c.p. por cuenta propia | E64: 2608.9433 | F64: 100 | G64: =VLOOKUP(B64,$L$2:$N$122,3,FALSE) -> 7713.446 | L64: AE056 | M64: Curtido, adobo, teñido de cueros y pieles; fabricación de maletas, bolsos de mano y artículos similares, y artículos de talabartería y guarnicionería | N64: 12093.331 | O64: 12733.838 | P64: AE056 | Q64: 20749.448 | R64: 19926.178 | U64: AE038 | V64: P2603 | W64: Otros productos de molinería n.c.p. | Y64: 386.30193 | Z64: 25.409082 | AE64: =W64 -> Otros productos de molinería n.c.p. | AF64: =$Z64*AF61/100 -> 0.0018824879 | AG64: =VLOOKUP(V64,Sheet1!$C$4:$F$131,4,FALSE) -> 25.076635 | AH64: =AG64*AH$61/100 -> 0.0019415187 | AI64: =AH64/AF64-1 -> 0.031357828
AD65: 23140 | AE65: Otros productos de cereales de arroz | AH65: =AH64/($AH$62+$AH$64)*$AH$61 -> 0.0021785692
B66: AE039 | C66: P2603 | D66: Otros productos de molinería n.c.p. | E66: 1992.2122 | F66: 76.360884 | L66: AE057 | M66: Fabricación de calzado de cualquier material y de cualquier uso; partes de calzado de cuero | N66: 4926.3288 | O66: 3514.9756 | P66: AE057 | Q66: 7099.2328 | R66: 5404.0962 | T66: C | U66: AE039 | V66: Elaboración de otros productos de molinería n.c.p. por cuenta propia | X66: =VLOOKUP(U66,'[1]% SECCION_ECONOMIA 2022'!$C$81:$I$209,7,FALSE) -> 899.59999 | Y66: 2366.5372 | Z66: 100 | AA66: =X66/$X$2 -> 0.0086210164 | AB66: 10613 | AC66: =LEFT(AB66,4) -> 1061 | AD66: 1061 | AE66: =V66 -> Elaboración de otros productos de molinería n.c.p. por cuenta propia | AF66: =AN66 -> 0.00870202 | AG66: =VLOOKUP(U66,Sheet1!$B$3:$I$129,8,FALSE) -> 0.0096381247 | AH66: =AG66 -> 0.0096381247 | AI66: =AG66/AF66-1 -> 0.10757327 | AL66: 1061 | AM66: Elaboración de otros productos de molinería n.c.p. por cuenta propia | AN66: 0.00870202
B67: AE039 | C67: P3101 | D67: Productos alimenticios n.c.p. | E67: 367.22096 | F67: 14.075467 | L67: AE058 | M67: Aserrado y acepilladura de madera | N67: 18547.443 | O67: 11009.92 | P67: AE058 | Q67: 38374.529 | R67: 25703.893 | U67: AE039 | V67: P2603 | W67: Otros productos de molinería n.c.p. | Y67: 1827.8866 | Z67: 77.23887 | AE67: =W67 -> Otros productos de molinería n.c.p. | AF67: =$Z67*AF66/100 -> 0.0067213419 | AG67: =VLOOKUP(V67,Sheet1!$C$4:$F$131,4,FALSE) -> 25.076635 | AH67: =AG67*AH$66/100 -> 0.0024169173 | AI67: =AH67/AF67-1 -> -0.64041149
AD68: 23130 | AE68: Grañones (Avena), sémola y pellets de cereales excepto trigo y arroz | AF68: =AF67/(AF$67+AF$70)*AF$66 -> 0.00870202 | AH68: =AH67/(AH$67+AH$70)*AH$66 -> 0.0061731483
AD69: 23140 | AE69: Otros productos de cereales incluyendo hojuelas de maíz
A70: C | B70: AE040 | C70: Elaboración de almidones y productos derivados del almidón | E70: 2299.0025 | F70: 100 | G70: =VLOOKUP(B70,$L$2:$N$122,3,FALSE) -> 1035.9504 | L70: AE059 | M70: Fabricación de productos de madera, productos de corcho, paja y materiales trenzables | N70: 10920.516 | O70: 7549.4446 | P70: AE059 | Q70: 27490.036 | R70: 19875.636 | U70: AE039 | V70: P3101 | W70: Productos alimenticios n.c.p. | Y70: 319.81573 | Z70: 0 | AE70: =W70 -> Productos alimenticios n.c.p. | AF70: =$Z70*AF66/100 -> 0 | AG70: =VLOOKUP(V70,Sheet1!$C$4:$F$131,4,FALSE) -> 14.075467 | AH70: =AG70*AH$66/100 -> 0.0013566111 | AI70: =AH70/AF70-1 -> #DIV/0!
AD71: 23911 | AE71: Café, descafeinado o tostado | AF71: =AF70/(AF$67+AF$70)*AF$66 -> 0 | AH71: =AH70/($AH$67+$AH$70)*$AH$66 -> 0.0034649764
AD72: 23912 | AE72: Sustitutos de café que contienen café; extractos, esencias y concentrados del café, y preparaciones con a base de ellos o con base a café; achicoria tostada y otros substitutos de café tostados, y extractos, esencias y sus concentrados
AD73: 23921 | AE73: Pimienta procesada
AD74: 23928 | AE74: Vainilla procesada, triturada o pulverizada
AD75: 23992 | AE75: Sopas y caldos y preparaciones de los mismos
AD76: 23995 | AE76: Salsas; condimentos mixtos; harinas de mostaza y sustancias en polvo; mostaza preparada
AD77: 23996 | AE77: Levaduras (activas o inactivas); otros microorganismos unicelulares, muertos; polvos de hornear preparados
B78: AE040 | C78: P6212 | D78: Servicios de manufactura | E78: 2226.3365 | F78: 96.839237 | L78: AE060 | M78: Fabricación de papel y productos de papel | N78: 2252.6195 | O78: 1648.0084 | P78: AE060 | Q78: 4083.9898 | R78: 3056.5698 | T78: C | U78: AE040 | V78: Elaboración de almidones y productos derivados del almidón | X78: =VLOOKUP(U78,'[1]% SECCION_ECONOMIA 2022'!$C$81:$I$209,7,FALSE) -> 1181.3968 | Y78: 2091.5041 | Z78: 100 | AA78: =X78/$X$2 -> 0.011321522 | AB78: 1062 | AC78: =LEFT(AB78,4) -> 1062 | AD78: 1062 | AE78: =V78 -> Elaboración de almidones y productos derivados del almidón | AF78: =AN78 -> 0.0114279 | AG78: =VLOOKUP(U78,Sheet1!$B$3:$I$129,8,FALSE) -> 0.011977572 | AH78: =AG78 -> 0.011977572 | AI78: =AG78/AF78-1 -> 0.048099166 | AL78: 1062 | AM78: Elaboración de almidones y productos derivados del almidón | AN78: 0.0114279
A79: C | B79: AE041 | C79: Elaboración de productos de panadería | E79: 13772.924 | F79: 100 | G79: =VLOOKUP(B79,$L$2:$N$122,3,FALSE) -> 2026.4841 | L79: AE061 | M79: Impresión y actividades de servicios relacionados con la impresión y reproducción de grabaciones. | N79: 141617.77 | O79: 95775.071 | P79: AE061 | Q79: 191741.7 | R79: 136921.71 | U79: AE040 | V79: P6212 | W79: Servicios de manufactura | Y79: 2021.8558 | Z79: 96.669943 | AE79: =W79 -> Servicios de manufactura | AF79: =$Z79*AF78/100 -> 0.011047344 | AG79: =VLOOKUP(V79,Sheet1!$C$4:$F$131,4,FALSE) -> 96.839237 | AH79: =AG79*AH78/100 -> 0.011598989 | AI79: =AH79/AF79-1 -> 0.049934654
AD80: 88162 | AE80: Servicios de elaboración de almidones y productos elaborados de almidones | AF80: =AF79/AF79*AF78 -> 0.0114279 | AH80: =AH79/AH79*AH78 -> 0.011977572
B81: AE041 | C81: P2701 | D81: Pan | E81: 10902.946 | F81: 79.162174 | L81: AE062 | M81: Fabricación de coque y productos de la refinación del petróleo | N81: 11033.039 | O81: 8300.9835 | P81: AE062 | Q81: 15557.367 | R81: 12013.634 | T81: C | U81: AE041 | V81: Elaboración de productos de panadería | X81: =VLOOKUP(U81,'[1]% SECCION_ECONOMIA 2022'!$C$81:$I$209,7,FALSE) -> 5985.6467 | Y81: 12936.486 | Z81: 100 | AA81: =X81/$X$2 -> 0.057361449 | AB81: 10711 | AC81: =LEFT(AB81,4) -> 1071 | AD81: 1071 | AE81: =V81 -> Elaboración de productos de panadería | AF81: =AN81 -> 0.05790042 | AG81: =VLOOKUP(U81,Sheet1!$B$3:$I$129,8,FALSE) -> 0.056213063 | AH81: =AG81 -> 0.056213063 | AI81: =AG81/AF81-1 -> -0.029142399 | AL81: 1071 | AM81: Elaboración de productos de panadería | AN81: 0.05790042
B82: AE041 | C82: P2702 | D82: Otros productos de panadería y repostería n.c.p. | E82: 2681.7031 | F82: 19.470834 | L82: AE063 | M82: Fabricación de alcoholes | N82: 16191.747 | O82: 9475.9893 | P82: AE063 | Q82: 28702.693 | R82: 20844.674 | U82: AE041 | V82: P2701 | W82: Pan | Y82: 10246.003 | Z82: 79.202361 | AE82: =W82 -> Pan | AF82: =$Z82*AF81/100 -> 0.0458585 | AG82: =VLOOKUP(V82,Sheet1!$C$4:$F$131,4,FALSE) -> 79.162174 | AH82: =AG82*AH$81/100 -> 0.044499483 | AI82: =AH82/AF82-1 -> -0.029635002
AD83: 23490 | AE83: Pan y productos de panadería | AF83: =AF82/(AF$82+AF$84)*AF$81 -> 0.046450241 | AH83: =AH82/(AH$82+AH$84)*AH$81 -> 0.045116218
A84: C | B84: AE042 | C84: Elaboración de tortillas de maíz | E84: 11657.461 | F84: 100 | G84: =VLOOKUP(B84,$L$2:$N$122,3,FALSE) -> 2599.6731 | L84: AE064 | M84: Fabricación de abonos , compuestos de nitrógeno, plaguicidas y otros productos químicos de uso agropecuario | N84: 5033.615 | O84: 3969.847 | P84: AE064 | Q84: 10156.599 | R84: 8114.6255 | U84: AE041 | V84: P2702 | W84: Otros productos de panadería y repostería n.c.p. | Y84: 2525.6825 | Z84: 19.523713 | AE84: =W84 -> Otros productos de panadería y repostería n.c.p. | AF84: =$Z84*AF81/100 -> 0.011304312 | AG84: =VLOOKUP(V84,Sheet1!$C$4:$F$131,4,FALSE) -> 19.470834 | AH84: =AG84*AH$81/100 -> 0.010945152 | AI84: =AH84/AF84-1 -> -0.031771962
AD85: 23420 | AE85: Pan de especias, galletas dulces, obleas y barquillos | AF85: =AF84/(AF$82+AF$84)*AF$81 -> 0.011450179 | AH85: =AH84/($AH$82+$AH$84)*$AH$81 -> 0.011096845
AD86: 23430 | AE86: Los demás productos de panadería y repostería n.c.p. incluso tortillas de harina de trigo (Pasteles)
B87: AE042 | C87: P2703 | D87: Tortillas de maíz, incluso tostadas, horneadas o fritas | E87: 11596.062 | F87: 99.473306 | L87: AE065 | M87: Fabricación de plásticos y caucho sintético en formas primarias | N87: 889.81897 | O87: 617.91324 | P87: AE065 | Q87: 1759.7917 | R87: 1341.2065 | T87: C | U87: AE042 | V87: Elaboración de tortillas de maíz | X87: =VLOOKUP(U87,'[1]% SECCION_ECONOMIA 2022'!$C$81:$I$209,7,FALSE) -> 5629.0697 | Y87: 10633.25 | Z87: 100 | AA87: =X87/$X$2 -> 0.053944312 | AB87: 10712 | AC87: =LEFT(AB87,4) -> 1071 | AD87: 1071 | AE87: =V87 -> Elaboración de tortillas de maíz | AF87: =AN87 -> 0.054451176 | AG87: =VLOOKUP(U87,Sheet1!$B$3:$I$129,8,FALSE) -> 0.054799347 | AH87: =AG87 -> 0.054799347 | AI87: =AG87/AF87-1 -> 0.0063941865 | AL87: 1071 | AM87: Elaboración de tortillas de maíz | AN87: 0.054451176
A88: C | B88: AE043 | C88: Elaboración de azúcar | E88: 14046.281 | F88: 100 | G88: =VLOOKUP(B88,$L$2:$N$122,3,FALSE) -> 974.77201 | L88: AE066 | M88: Fabricación de pinturas, barnices y productos de revestimiento similares, tintas de imprenta y masillas | N88: 1888.7155 | O88: 1495.5734 | P88: AE066 | Q88: 3285.8738 | R88: 2672.9299 | U88: AE042 | V88: P2703 | W88: Tortillas de maíz, incluso tostadas, horneadas o fritas | Y88: 10581.928 | Z88: 99.517344 | AE88: =W88 -> Tortillas de maíz, incluso tostadas, horneadas o fritas | AF88: =$Z88*AF87/100 -> 0.054188364 | AG88: =VLOOKUP(V88,Sheet1!$C$4:$F$131,4,FALSE) -> 99.473306 | AH88: =AG88*AH87/100 -> 0.054510722 | AI88: =AH88/AF88-1 -> 0.0059488467
AD89: 23490 | AE89: Pan y productos de panadería | AF89: =AF88/AF88*AF87 -> 0.054451176 | AH89: =AH88/AH88*AH87 -> 0.054799347
B90: AE043 | C90: P2801 | D90: Azúcar de caña sin refinar, refinada y los demás azúcares n.c.p. | E90: 12280.495 | F90: 87.428795 | L90: AE067 | M90: Fabricación de jabones y detergentes, preparados para limpiar y pulir, perfumes y preparados de tocador | N90: 18950.263 | O90: 15185.453 | P90: AE067 | Q90: 48773.389 | R90: 38234.566 | T90: C | U90: AE043 | V90: Elaboración de azúcar | X90: =VLOOKUP(U90,'[1]% SECCION_ECONOMIA 2022'!$C$81:$I$209,7,FALSE) -> 4028.7624 | Y90: 13926.703 | Z90: 100 | AA90: =X90/$X$2 -> 0.038608301 | AB90: 1072 | AC90: =LEFT(AB90,4) -> 1072 | AD90: 1072 | AE90: =V90 -> Elaboración de azúcar | AF90: =AN90 -> 0.038971067 | AG90: =VLOOKUP(U90,Sheet1!$B$3:$I$129,8,FALSE) -> 0.036351827 | AH90: =AG90 -> 0.036351827 | AI90: =AG90/AF90-1 -> -0.067209866 | AL90: 1072 | AM90: Elaboración de azúcar | AN90: 0.038971067
A91: C | B91: AE044 | C91: Elaboración de cacao y chocolate y de productos de confitería | E91: 2257.541 | F91: 100 | G91: =VLOOKUP(B91,$L$2:$N$122,3,FALSE) -> 3265.1852 | L91: AE068 | M91: Fabricación de otras sustancias químicas básicas, otros productos químicos y fibras artificiales | N91: 2299.9047 | O91: 1844.0714 | P91: AE068 | Q91: 4694.248 | R91: 3754.5534 | U91: AE043 | V91: P2801 | W91: Azúcar de caña sin refinar, refinada y los demás azúcares n.c.p. | Y91: 12219.086 | Z91: 87.738538 | AE91: =W91 -> Azúcar de caña sin refinar, refinada y los demás azúcares n.c.p. | AF91: =$Z91*AF90/100 -> 0.034192644 | AG91: =VLOOKUP(V91,Sheet1!$C$4:$F$131,4,FALSE) -> 87.428795 | AH91: =AG91*AH90/100 -> 0.031781964 | AI91: =AH91/AF91-1 -> -0.070502889
AD92: 23511 | AE92: Azúcar de caña en bruto (sin refinar) sin adición de aromatizantes ni colorantes | AF92: =AF91/AF91*AF90 -> 0.038971067 | AH92: =AH91/AH91*AH90 -> 0.036351827
AD93: 23520 | AE93: Azúcar refinada
B94: AE044 | C94: P2901 | D94: Cacao, chocolate y productos de confitería | E94: 2056.9973 | F94: 91.116719 | L94: AE069 | M94: Fabricación de productos farmacéuticos, sustancias químicas medicinales y productos botánicos de uso farmacéutico | N94: 20130.488 | O94: 22258.835 | P94: AE069 | Q94: 33997.54 | R94: 36393.562 | T94: C | U94: AE044 | V94: Elaboración de cacao y chocolate y de productos de confitería | X94: =VLOOKUP(U94,'[1]% SECCION_ECONOMIA 2022'!$C$81:$I$209,7,FALSE) -> 665.01541 | Y94: 2058.1049 | Z94: 100 | AA94: =X94/$X$2 -> 0.0063729534 | AB94: 1073 | AC94: =LEFT(AB94,4) -> 1073 | AD94: 1073 | AE94: =V94 -> Elaboración de cacao y chocolate y de productos de confitería | AF94: =AN94 -> 0.006432834 | AG94: =VLOOKUP(U94,Sheet1!$B$3:$I$129,8,FALSE) -> 0.0067524231 | AH94: =AG94 -> 0.0067524231 | AI94: =AG94/AF94-1 -> 0.049680912 | AL94: 1073 | AM94: Elaboración de cacao y chocolate y de productos de confitería | AN94: 0.006432834
A95: C | B95: AE045 | C95: Elaboración de macarrones, fideos, alcuzcuz y productos farináceos similares | E95: 1218.6848 | F95: 100 | G95: =VLOOKUP(B95,$L$2:$N$122,3,FALSE) -> 2797.5387 | L95: AE070 | M95: Fabricación de productos de caucho | N95: 2650.7789 | O95: 2355.7293 | P95: AE070 | Q95: 4351.4329 | R95: 3812.3746 | U95: AE044 | V95: P2901 | W95: Cacao, chocolate y productos de confitería | Y95: 1874.9165 | Z95: 91.09917 | AE95: =W95 -> Cacao, chocolate y productos de confitería | AF95: =$Z95*AF94/100 -> 0.0058602584 | AG95: =VLOOKUP(V95,Sheet1!$C$4:$F$131,4,FALSE) -> 91.116719 | AH95: =AG95*AH94/100 -> 0.0061525864 | AI95: =AH95/AF95-1 -> 0.04988312
AD96: 23650 | AE96: Chocolate y demás preparaciones alimenticias que contengan cacao (excepto cacao en polvo edulcorado) a granel | AF96: =AF95/AF95*AF94 -> 0.006432834 | AH96: =AH95/AH95*AH94 -> 0.0067524231
AD97: 23660 | AE97: Chocolate y demás preparaciones alimenticias que contengan cacao (excepto cacao en polvo edulcorado), en bloques, tabletas, o barras excepto a granel
AD98: 23670 | AE98: Artículos de confitería preparados con azúcar (incluyendo chocolate blanco) que no contengan cacao; vegetales, frutas, frutos secos, cascara de frutas y otras partes de plantas, conservadas por azúcar (Dulces).
B99: AE045 | C99: P3001 | D99: Macarrones, fideos y productos farináceos similares | E99: 1163.3132 | F99: 95.456446 | L99: AE071 | M99: Fabricación de productos de plástico | N99: 23307.258 | O99: 20372.616 | P99: AE071 | Q99: 34621.046 | R99: 30052.235 | T99: C | U99: AE045 | V99: Elaboración de macarrones, fideos, alcuzcuz y productos farináceos similares | X99: =VLOOKUP(U99,'[1]% SECCION_ECONOMIA 2022'!$C$81:$I$209,7,FALSE) -> 471.95034 | Y99: 1155.367 | Z99: 100 | AA99: =X99/$X$2 -> 0.0045227786 | AB99: 1074 | AC99: =LEFT(AB99,4) -> 1074 | AD99: 1074 | AE99: =V99 -> Elaboración de macarrones, fideos, alcuzcuz y productos farináceos similares | AF99: =AN99 -> 0.0045652749 | AG99: =VLOOKUP(U99,Sheet1!$B$3:$I$129,8,FALSE) -> 0.0048009303 | AH99: =AG99 -> 0.0048009303 | AI99: =AG99/AF99-1 -> 0.051619101 | AL99: 1074 | AM99: Elaboración de macarrones, fideos, alcuzcuz y productos farináceos similares | AN99: 0.0045652749
A100: C | B100: AE046 | C100: Elaboración de otros productos alimenticios n.c.p incluyendo comidas y platos preparados | E100: 9306.9637 | F100: 100 | G100: =VLOOKUP(B100,$L$2:$N$122,3,FALSE) -> 2201.8797 | L100: AE072 | M100: Fabricación de vidrio y productos de vidrio | N100: 1752.0237 | O100: 1449.6822 | P100: AE072 | Q100: 6165.1139 | R100: 5015.9455 | U100: AE045 | V100: P3001 | W100: Macarrones, fideos y productos farináceos similares | Y100: 1101.7419 | Z100: 95.358613 | AE100: =W100 -> Macarrones, fideos y productos farináceos similares | AF100: =$Z100*AF99/100 -> 0.0043533829 | AG100: =VLOOKUP(V100,Sheet1!$C$4:$F$131,4,FALSE) -> 95.456446 | AH100: =AG100*AH99/100 -> 0.0045827975 | AI100: =AH100/AF100-1 -> 0.052698013
...

Sheet Sheet2
B1: CIIU_Clase | C1: code | D1: NOMBRE | E1: Participacion 2022 | H1: code | I1: NOMBRE | J1: Participacion 2022
C2: C | D2: Industrias manufactureras | G2: =LEFT(H2,2) -> 10 | H2: 1010 | I2: Elaboración y conservación de carne de ganado bovino | J2: 0.021978962 | K2: =SUM(J2:J20) -> 0.42242306 | L2: =J2/SUM($J$2:$J$5,$J$7:$J$20) -> 0.0524509 | M2: =L2*$K$2 -> 0.02215647 | N2: =M2/$M$56 -> 0.022185477
B3: 1010 | C3: 1010 | D3: Elaboración y conservación de carne de ganado bovino | E3: 0.022185477 | G3: =LEFT(H3,2) -> 10 | H3: 1010 | I3: Elaboración y conservación de carne de ganado porcino | J3: 0.0063594218 | L3: =J3/SUM($J$2:$J$5,$J$7:$J$20) -> 0.015176212 | M3: =L3*$K$2 -> 0.0064107821 | N3: =M3/$M$56 -> 0.0064191753
D4: Carne y despojos comestibles de ganado bovino | E4: 0.021245002 | G4: =LEFT(H4,2) -> 10 | H4: 1010 | I4: Elaboración y conservación de carne de aves de corral | J4: 0.034992012 | L4: =J4/SUM($J$2:$J$5,$J$7:$J$20) -> 0.083505424 | M4: =L4*$K$2 -> 0.035274617 | N4: =M4/$M$56 -> 0.035320799
C5: 21111 | D5: Carne de ganado bovino, fresca o refrigerada | E5: 0.022185477 | G5: =LEFT(H5,2) -> 10 | H5: 1010 | I5: Elaboración de productos cárnicos y elaboración de otros productos de origen animal n.c.p. | J5: 0.011484768 | L5: =J5/SUM($J$2:$J$5,$J$7:$J$20) -> 0.027407409 | M5: =L5*$K$2 -> 0.011577522 | N5: =M5/$M$56 -> 0.011592679
B6: 1010 | C6: 1010 | D6: Elaboración y conservación de carne de ganado porcino | E6: 0.0064191753 | G6: =LEFT(H6,2) -> 10 | H6: 1020 | I6: Elaboración y conservación de pescado, crustáceos y moluscos | J6: 0.003384264
D7: Carne de cerdo, fresca o refrigerada | E7: 0.004853239 | G7: =LEFT(H7,2) -> 10 | H7: 1030 | I7: Elaboración y conservación de frutas, legumbres y hortalizas | J7: 0.016134765 | L7: =J7/SUM($J$2:$J$5,$J$7:$J$20) -> 0.038504226 | M7: =L7*$K$2 -> 0.016265073 | N7: =M7/$M$56 -> 0.016286368
C8: 21113 | D8: Carne de cerdo, fresca o refrigerada | E8: 0.0055739411 | G8: =LEFT(H8,2) -> 10 | H8: 1040 | I8: Elaboración de aceites y grasas de origen vegetal y animal | J8: 0.056363419 | L8: =J8/SUM($J$2:$J$5,$J$7:$J$20) -> 0.13450645 | M8: =L8*$K$2 -> 0.056818624 | N8: =M8/$M$56 -> 0.056893013
D9: Carne y despojos de otros animales y conservas y preparados de carne | E9: 0.00065460336 | G9: =LEFT(H9,2) -> 10 | H9: 1050 | I9: Elaboración de productos lácteos | J9: 0.01921303 | L9: =J9/SUM($J$2:$J$5,$J$7:$J$20) -> 0.045850241 | M9: =L9*$K$2 -> 0.019368199 | N9: =M9/$M$56 -> 0.019393556
C10: 21119 | D10: Otras carnes de mamíferos, fresca o refrigerada | E10: 0.00075181143 | G10: =LEFT(H10,2) -> 10 | H10: 1061 | I10: Elaboración de harina de trigo | J10: 0.0093361974 | L10: =J10/SUM($J$2:$J$5,$J$7:$J$20) -> 0.022280031 | M10: =L10*$K$2 -> 0.0094115989 | N10: =M10/$M$56 -> 0.0094239208
B11: 1010 | C11: 1010 | D11: Elaboración y conservación de carne de aves de corral | E11: 0.035320799 | G11: =LEFT(H11,2) -> 10 | H11: 1061 | I11: Beneficios de arroz | J11: 0.0073397561 | L11: =J11/SUM($J$2:$J$5,$J$7:$J$20) -> 0.017515696 | M11: =L11*$K$2 -> 0.0073990338 | N11: =M11/$M$56 -> 0.0074087209
D12: Carne de pollo, fresca o refrigerada | E12: 0.033709627 | G12: =LEFT(H12,2) -> 10 | H12: 1061 | I12: Elaboración de otros productos de molinería n.c.p. por cuenta propia | J12: 0.0086210164 | L12: =J12/SUM($J$2:$J$5,$J$7:$J$20) -> 0.020573313 | M12: =L12*$K$2 -> 0.0086906419 | N12: =M12/$M$56 -> 0.00870202
C13: 21121 | D13: Carne de pollo, fresca o refrigerada | E13: 0.035320799 | G13: =LEFT(H13,2) -> 10 | H13: 1062 | I13: Elaboración de almidones y productos derivados del almidón | J13: 0.011321522 | L13: =J13/SUM($J$2:$J$5,$J$7:$J$20) -> 0.027017837 | M13: =L13*$K$2 -> 0.011412957 | N13: =M13/$M$56 -> 0.0114279
B14: 1010 | C14: 1010 | D14: Elaboración de productos cárnicos y elaboración de otros productos de origen animal n.c.p. | E14: 0.011592679 | G14: =LEFT(H14,2) -> 10 | H14: 1071 | I14: Elaboración de productos de panadería | J14: 0.057361449 | L14: =J14/SUM($J$2:$J$5,$J$7:$J$20) -> 0.13688816 | M14: =L14*$K$2 -> 0.057824714 | N14: =M14/$M$56 -> 0.05790042
D15: Carne y despojos de otros animales y conservas y preparados de carne | E15: 0.010981023 | G15: =LEFT(H15,2) -> 10 | H15: 1071 | I15: Elaboración de tortillas de maíz | J15: 0.053944312 | L15: =J15/SUM($J$2:$J$5,$J$7:$J$20) -> 0.12873345 | M15: =L15*$K$2 -> 0.05437998 | N15: =M15/$M$56 -> 0.054451176
C16: 21174 | D16: Embutidos y productos similares de carne, despojos o sangre | E16: 0.011592679 | G16: =LEFT(H16,2) -> 10 | H16: 1072 | I16: Elaboración de azúcar | J16: 0.038608301 | L16: =J16/SUM($J$2:$J$5,$J$7:$J$20) -> 0.092135385 | M16: =L16*$K$2 -> 0.038920111 | N16: =M16/$M$56 -> 0.038971067
B17: 1020 | C17: 1020 | D17: Elaboración y conservación de pescado, crustáceos y moluscos | E17: 0 | G17: =LEFT(H17,2) -> 10 | H17: 1073 | I17: Elaboración de cacao y chocolate y de productos de confitería | J17: 0.0063729534 | L17: =J17/SUM($J$2:$J$5,$J$7:$J$20) -> 0.015208504 | M17: =L17*$K$2 -> 0.0064244229 | N17: =M17/$M$56 -> 0.006432834
D18: Crustáceos, congelados | E18: 0.0016903982 | G18: =LEFT(H18,2) -> 10 | H18: 1074 | I18: Elaboración de macarrones, fideos, alcuzcuz y productos farináceos similares | J18: 0.0045227786 | L18: =J18/SUM($J$2:$J$5,$J$7:$J$20) -> 0.010793222 | M18: =L18*$K$2 -> 0.0045593058 | N18: =M18/$M$56 -> 0.0045652749
C19: 21250 | D19: Crustáceos, congelados | E19: 0 | G19: =LEFT(H19,2) -> 10 | H19: 1079 | I19: Elaboración de otros productos alimenticios n.c.p incluyendo comidas y platos preparados | J19: 0.028971159 | L19: =J19/SUM($J$2:$J$5,$J$7:$J$20) -> 0.069137175 | M19: =L19*$K$2 -> 0.029205137 | N19: =M19/$M$56 -> 0.029243373
D20: Pescado congelado (excepto filetes y carne de pescado) | E20: 0 | G20: =LEFT(H20,2) -> 10 | H20: 1080 | I20: Elaboración de alimentos preparados para animales | J20: 0.026112977 | L20: =J20/SUM($J$2:$J$5,$J$7:$J$20) -> 0.062316369 | M20: =L20*$K$2 -> 0.026323872 | N20: =M20/$M$56 -> 0.026358336
C21: 21221 | D21: Filetes y carne de pescado (este o no picada), frescos o refrigerados | E21: 0 | G21: =LEFT(H21,2) -> 11 | H21: 1101 | I21: Destilación, rectificación y mezcla de bebidas alcohólicas | J21: 0.0023082271 | K21: =SUM(J21:J24) -> 0.044528248
B22: 1030 | C22: 1030 | D22: Elaboración y conservación de frutas, legumbres y hortalizas | E22: 0.016286368 | G22: =LEFT(H22,2) -> 11 | H22: 1102 | I22: Elaboración de vinos | J22: 0.00012792913
D23: Jugos de frutas | E23: 0.0053546416 | G23: =LEFT(H23,2) -> 11 | H23: 1103 | I23: Elaboración de bebidas malteadas y de malta | J23: 0.0063118962 | L23: =J23/SUM($J$23:$J$24) -> 0.14995444 | M23: =L23*$K$21 -> 0.0066772087 | N23: =M23/$M$56 -> 0.0066859507
C24: 21431 | D24: Jugo de naranja | E24: 0.0062123982 | G24: =LEFT(H24,2) -> 11 | H24: 1104 | I24: Elaboración de bebidas no alcohólicas; producción de aguas minerales y otras aguas embotelladas | J24: 0.035780195 | L24: =J24/SUM($J$23:$J$24) -> 0.85004556 | M24: =L24*$K$21 -> 0.037851039 | N24: =M24/$M$56 -> 0.037900595
C25: 21435 | D25: Jugo de manzana | G25: =LEFT(H25,2) -> 12 | H25: 1200 | I25: Elaboración de productos de tabaco | J25: 0.0013075191 | K25: =J25 -> 0.0013075191
C26: 21439 | D26: Otros jugos de frutas, n.c.p. | G26: =LEFT(H26,2) -> 13 | H26: 1311 | I26: Hilatura, tejedura y acabado de productos textiles | J26: 0.0096788994 | K26: =SUM(J26:J27) -> 0.027151935 | M26: =J26 -> 0.0096788994 | N26: =M26/$M$56 -> 0.0096915713
D27: Vegetales preparados o en conserva, legumbres y papas | E27: 0.0038430161 | G27: =LEFT(H27,2) -> 13 | H27: 1391 | I27: Fabricación de otros productos textiles | J27: 0.017473036 | M27: =J27 -> 0.017473036 | N27: =M27/$M$56 -> 0.017495912
C28: 21311 | D28: Frijoles estén o no desenvainados, cocidos en agua o vapor, Congelados. | E28: 0.0044586264 | G28: =LEFT(H28,2) -> 14 | H28: 1410 | I28: Fabricación de prendas de vestir | J28: 0.073919236 | K28: =J28 -> 0.073919236 | M28: =J28 -> 0.073919236 | N28: =M28/$M$56 -> 0.074016013
C29: 21395 | D29: Frijoles, preparados o conservados, sin congelar. (excepto en vinagre o ácido acético). | G29: =LEFT(H29,2) -> 15 | H29: 1512 | I29: Curtido, adobo, teñido de cueros y pieles; fabricación de maletas, bolsos de mano y artículos similares, y artículos de talabartería y guarnicionería | J29: 0.0033287319 | K29: =J29+J30 -> 0.009927685
C30: 21399 | D30: Otros vegetales y legumbres, conservados por algo que no sea vinagre, ácido acético o azúcar, n.c.p. | G30: =LEFT(H30,2) -> 15 | H30: 1520 | I30: Fabricación de calzado de cualquier material y de cualquier uso; partes de calzado de cuero | J30: 0.0065989531 | L30: =J30/J30 -> 1 | M30: =L30*K29 -> 0.009927685 | N30: =M30/$M$56 -> 0.0099406826
D31: Otras frutas y nueces preparadas y preservadas (excepto por azúcar) | E31: 0.0029893283 | G31: =LEFT(H31,2) -> 16 | H31: 1610 | I31: Aserrado y acepilladura de madera | J31: 0.011694871 | K31: =J31+J32 -> 0.019420134 | M31: =J31 -> 0.011694871 | N31: =M31/$M$56 -> 0.011710182
C32: 21491 | D32: Piñas, preparadas o conservados | E32: 0.0034681869 | G32: =LEFT(H32,2) -> 16 | H32: 1621, 1622, 1623, 1629 | I32: Fabricación de productos de madera, productos de corcho, paja y materiales trenzables | J32: 0.0077252631 | M32: =J32 -> 0.0077252631 | N32: =M32/$M$56 -> 0.0077353773
C33: 21492 | D33: Melocotones, preparados o conservados | G33: =LEFT(H33,2) -> 17 | H33: 1701, 1702, 1709 | I33: Fabricación de papel y productos de papel | J33: 0.024913099 | K33: =J33 -> 0.024913099 | M33: =J33 -> 0.024913099 | N33: =M33/$M$56 -> 0.024945716
C34: 21493 | D34: Otras frutas, sin cocer o cocidos, congelados | G34: =LEFT(H34,2) -> 18 | H34: 1811, 1812, | I34: Impresión y actividades de servicios relacionados con la impresión y reproducción de grabaciones. | J34: 0.0093414024 | K34: =J34 -> 0.0093414024 | M34: =J34 -> 0.0093414024 | N34: =M34/$M$56 -> 0.0093536324
C35: 21494 | D35: Compotas, jaleas y mermeladas, purés y pastas de frutas u otros frutos | G35: =LEFT(H35,2) -> 19 | H35: 1910, 1920 | I35: Fabricación de coque y productos de la refinación del petróleo | J35: 0 | K35: =J35 -> 0
C36: 21495 | D36: Mantequilla de maní, pastas de almendra y otras mezclas de nueces y semillas tosdados, salados o preparados de otro modo n.c.p | G36: =LEFT(H36,2) -> 20 | H36: 2011 | I36: Fabricación de alcoholes | J36: 0.0065368306 | K36: =SUM(J36:J41) -> 0.082950426 | L36: =J36/SUM($J$36:$J$37,$J$39:$J$41) -> 0.078804063 | M36: =L36*$K$36 -> 0.0065368306 | N36: =M36/$M$56 -> 0.0065453888
C37: 21499 | D37: Otras preparaciones y conservas de frutas y nueces, n.c.p. | G37: =LEFT(H37,2) -> 20 | H37: 2012, 2021 | I37: Fabricación de abonos , compuestos de nitrógeno, plaguicidas y otros productos químicos de uso agropecuario | J37: 0.031290813 | L37: =J37/SUM($J$36:$J$37,$J$39:$J$41) -> 0.37722305 | M37: =L37*$K$36 -> 0.031290813 | N37: =M37/$M$56 -> 0.03133178
D38: Bebidas no alcohólicas | E38: 0.0018506947 | G38: =LEFT(H38,2) -> 20 | H38: 2013 | I38: Fabricación de plásticos y caucho sintético en formas primarias | J38: 0
C39: 24490A | D39: Otras bebidas calóricas no alcohólicas (Bebidas gaseosas, jugos y refrescos artificiales, bebidas deportivas, agua mineral con sabor) | E39: 0.0021471563 | G39: =LEFT(H39,2) -> 20 | H39: 2022 | I39: Fabricación de pinturas, barnices y productos de revestimiento similares, tintas de imprenta y masillas | J39: 0.0061612781 | L39: =J39/SUM($J$36:$J$37,$J$39:$J$41) -> 0.07427663 | M39: =L39*$K$36 -> 0.0061612781 | N39: =M39/$M$56 -> 0.0061693446
C40: 24410 | D40: Aguas embotelladas, no endulzadas ni saborizadas (Agua pura, agua con gas o mineral sin sabor, hielo) | G40: =LEFT(H40,2) -> 20 | H40: 2023 | I40: Fabricación de jabones y detergentes, preparados para limpiar y pulir, perfumes y preparados de tocador | J40: 0.026809279 | L40: =J40/SUM($J$36:$J$37,$J$39:$J$41) -> 0.3231964 | M40: =L40*$K$36 -> 0.026809279 | N40: =M40/$M$56 -> 0.026844379
B41: 1040 | C41: 1040 | D41: Elaboración de aceites y grasas de origen vegetal y animal | E41: 0.056893013 | G41: =LEFT(H41,2) -> 20 | H41: 2011 | I41: Fabricación de otras sustancias químicas básicas, otros productos químicos y fibras artificiales | J41: 0.012152226 | L41: =J41/SUM($J$36:$J$37,$J$39:$J$41) -> 0.14649986 | M41: =L41*$K$36 -> 0.012152226 | N41: =M41/$M$56 -> 0.012168136
D42: Aceites de origen vegetal | E42: 0.046559252 | G42: =LEFT(H42,2) -> 21 | H42: 2100 | I42: Fabricación de productos farmacéuticos, sustancias químicas medicinales y productos botánicos de uso farmacéutico | J42: 0.02110098 | K42: =SUM(J42) -> 0.02110098 | M42: =J42 -> 0.02110098 | N42: =M42/$M$56 -> 0.021128606
C43: 21535 | D43: Aceite de palma, crudo | G43: =LEFT(H43,2) -> 22 | H43: 2211, 2219 | I43: Fabricación de productos de caucho | J43: 0.0039534381 | K43: =SUM(J43:J44) -> 0.060443879
C44: 21539 | D44: Los demás aceites vegetales, crudo, n.c.p. | G44: =LEFT(H44,2) -> 22 | H44: 2220 | I44: Fabricación de productos de plástico | J44: 0.056490441 | L44: =J44/J44 -> 1 | M44: =L44*$K$43 -> 0.060443879 | N44: =M44/$M$56 -> 0.060523014
C45: 21545 | D45: Aceite de palma, refinado | G45: =LEFT(H45,2) -> 23 | H45: 2310 | I45: Fabricación de vidrio y productos de vidrio | J45: 0.0047766875 | K45: =SUM(J45:J49) -> 0.067924456 | L45: =J45/SUM($J$45:$J$48) -> 0.070751093 | M45: =L45*$K$45 -> 0.0048057295 | N45: =M45/$M$56 -> 0.0048120213
C46: 21549 | D46: Otros aceites vegetales, refinados, n.c.p. | G46: =LEFT(H46,2) -> 23 | H46: 2391, 2392, 2393 | I46: Fabricación de productos refractarios y no refractarios de arcilla, cerámica, porcelana y otros minerales no metálicos | J46: 0.010557006 | L46: =J46/SUM($J$45:$J$48) -> 0.15636772 | M46: =L46*$K$45 -> 0.010621192 | N46: =M46/$M$56 -> 0.010635098
B47: 1050 | C47: 1050 | D47: Elaboración de productos lácteos | E47: 0.019393556 | G47: =LEFT(H47,2) -> 23 | H47: 2394 | I47: Fabricación de cemento, cal y yeso | J47: 0.04303613 | L47: =J47/SUM($J$45:$J$48) -> 0.63744033 | M47: =L47*$K$45 -> 0.043297788 | N47: =M47/$M$56 -> 0.043354474
D48: Otros productos lácteos n.c.p. | E48: 0.013085983 | G48: =LEFT(H48,2) -> 23 | H48: 2391, 2392, 2393 | I48: Fabricación de artículos de hormigón, cemento y yeso | J48: 0.009144151 | L48: =J48/SUM($J$45:$J$48) -> 0.13544086 | M48: =L48*$K$45 -> 0.009199747 | N48: =M48/$M$56 -> 0.0092117916
C49: 22229 | D49: Leche y crema, n.c.p. | G49: =LEFT(H49,2) -> 23 | H49: 2396, 2399 | I49: Fabricación de otros productos minerales no metálicos | J49: 0.00041048185
C50: 22251 | D50: Quesos de leche de bovino, frescos o procesados | G50: =LEFT(H50,2) -> 24 | H50: 2410, 2431, 2420, 2432 | I50: Fabricación de metales comunes | J50: 0.051413343 | K50: =J50 -> 0.051413343 | M50: =J50 -> 0.051413343 | N50: =M50/$M$56 -> 0.051480655
C51: 22260 | D51: Caseina | G51: =LEFT(H51,2) -> 25 | H51: 2511, 2512, 2513, 2520, 2591, 2592, 2593, 2599 | I51: Fabricación de productos elaborados de metal, excepto maquinaria y equipo | J51: 0.014161503 | K51: =J51 -> 0.014161503 | M51: =J51 -> 0.014161503 | N51: =M51/$M$56 -> 0.014180044
C52: 22270 | D52: Helados y productos similares | G52: =LEFT(H52,2) -> 26 | H52: 261-309, 331-332 | I52: Fabricación, reparación e instalación de maquinaria y equipo industrial, n.c.p. | J52: 0.027763185 | K52: =J52 -> 0.027763185 | M52: =J52 -> 0.027763185 | N52: =M52/$M$56 -> 0.027799533
C53: 22290 | D53: Productos lácteos n.c.p. | G53: =LEFT(H53,2) -> 31 | H53: 3100 | I53: Fabricación de muebles | J53: 0.033404274 | K53: =J53 -> 0.033404274 | M53: =J53 -> 0.033404274 | N53: =M53/$M$56 -> 0.033448007
D54: Leche líquida y crema procesadas | E54: 0.0061140649 | G54: =LEFT(H54,2) -> 32 | H54: 3211, 3212, 3220, 3230, 3240, 3250, 3290 | I54: Otras industrias manufactureras | J54: 0.0079056345 | K54: =J54 -> 0.0079056345 | M54: =J54 -> 0.0079056345 | N54: =M54/$M$56 -> 0.0079159848
C55: 22110 | D55: Leche liquida procesada
C56: 22120 | D56: Crema fresca | J56: =SUM(J2:J55) -> 1 | K56: =SUM(K2:K55) -> 1 | M56: =SUM(M2:M55) -> 0.99869248 | N56: =SUM(N2:N55) -> 1
B57: 1061 | C57: 1061 | D57: Elaboración de harina de trigo | E57: 0.0094239208
D58: Harina de trigo | E58: 0.0082409496
C59: 23110 | D59: Harina de trigo o de morcajo (tranquillón)
B60: 1061 | C60: 1061 | D60: Beneficios de arroz | E60: 0.0074087209
D61: Arroz sin cáscara | E61: 0.004716191
C62: 23161 | D62: Arroz, semi- o totalmente molido
D63: Otros productos de molinería n.c.p. | E63: 0.0018824879
C64: 23140 | D64: Otros productos de cereales de arroz
B65: 1061 | C65: 1061 | D65: Elaboración de otros productos de molinería n.c.p. por cuenta propia | E65: 0.00870202
D66: Otros productos de molinería n.c.p. | E66: 0.0067213419
C67: 23130 | D67: Grañones (Avena), sémola y pellets de cereales excepto trigo y arroz | E67: 0.0074061966
C68: 23140 | D68: Otros productos de cereales incluyendo hojuelas de maíz
D69: Productos alimenticios n.c.p. | E69: 0.0011759979
C70: 23911 | D70: Café, descafeinado o tostado | E70: 0.0012958234
C71: 23912 | D71: Sustitutos de café que contienen café; extractos, esencias y concentrados del café, y preparaciones con a base de ellos o con base a café; achicoria tostada y otros substitutos de café tostados, y extractos, esencias y sus concentrados
C72: 23921 | D72: Pimienta procesada
C73: 23928 | D73: Vainilla procesada, triturada o pulverizada
C74: 23992 | D74: Sopas y caldos y preparaciones de los mismos
C75: 23995 | D75: Salsas; condimentos mixtos; harinas de mostaza y sustancias en polvo; mostaza preparada
C76: 23996 | D76: Levaduras (activas o inactivas); otros microorganismos unicelulares, muertos; polvos de hornear preparados
B77: 1062 | C77: 1062 | D77: Elaboración de almidones y productos derivados del almidón | E77: 0.0114279
D78: Servicios de manufactura | E78: 0.011047344
C79: 88162 | D79: Servicios de elaboración de almidones y productos elaborados de almidones | E79: 0.0114279
B80: 1071 | C80: 1071 | D80: Elaboración de productos de panadería | E80: 0.05790042
D81: Pan | E81: 0.0458585
C82: 23490 | D82: Pan y productos de panadería | E82: 0.046450241
D83: Otros productos de panadería y repostería n.c.p. | E83: 0.011304312
C84: 23420 | D84: Pan de especias, galletas dulces, obleas y barquillos | E84: 0.011450179
C85: 23430 | D85: Los demás productos de panadería y repostería n.c.p. incluso tortillas de harina de trigo (Pasteles)
B86: 1071 | C86: 1071 | D86: Elaboración de tortillas de maíz | E86: 0.054451176
D87: Tortillas de maíz, incluso tostadas, horneadas o fritas | E87: 0.054188364
C88: 23490 | D88: Pan y productos de panadería | E88: 0.054451176
B89: 1072 | C89: 1072 | D89: Elaboración de azúcar | E89: 0.038971067
D90: Azúcar de caña sin refinar, refinada y los demás azúcares n.c.p. | E90: 0.034192644
C91: 23511 | D91: Azúcar de caña en bruto (sin refinar) sin adición de aromatizantes ni colorantes | E91: 0.038971067
C92: 23520 | D92: Azúcar refinada
B93: 1073 | C93: 1073 | D93: Elaboración de cacao y chocolate y de productos de confitería | E93: 0.006432834
D94: Cacao, chocolate y productos de confitería | E94: 0.0058602584
C95: 23650 | D95: Chocolate y demás preparaciones alimenticias que contengan cacao (excepto cacao en polvo edulcorado) a granel | E95: 0.006432834
C96: 23660 | D96: Chocolate y demás preparaciones alimenticias que contengan cacao (excepto cacao en polvo edulcorado), en bloques, tabletas, o barras excepto a granel
C97: 23670 | D97: Artículos de confitería preparados con azúcar (incluyendo chocolate blanco) que no contengan cacao; vegetales, frutas, frutos secos, cascara de frutas y otras partes de plantas, conservadas por azúcar (Dulces).
B98: 1074 | C98: 1074 | D98: Elaboración de macarrones, fideos, alcuzcuz y productos farináceos similares | E98: 0.0045652749
D99: Macarrones, fideos y productos farináceos similares | E99: 0.0043533829
C100: 23710 | D100: Pastas alimenticias sin cocer, rellenar ni preparar de otra forma | E100: 0.0045652749
...

Sheet Sheet6
A1: codigo | B1: nivel | C1: Codigo_CIIU_CCP | D1: Nombre | E1: Ponderacion
A2: C | B2: T | C2: C | D2: Industrias manufactureras | E2: =E3+E75+E81+E94+E106+E111+E121+E127+E130+E156+E160+E168+E180+E189+E197+E204+E209 -> 1
A3: C10 | B3: 2 | C3: 10 | D3: ELABORACIÓN DE PRODUCTOS ALIMENTICIOS | E3: 0.41720057
A4: C1010 | B4: 3 | C4: 1010 | D4: Elaboración y conservación de carne de ganado bovino | E4: =E5 -> 0.022490181
A5: C1010.21111 | B5: 4 | C5: 21111 | D5: Carne de ganado bovino, fresca o refrigerada | E5: 0.022490181
A6: C1010 | B6: 3 | C6: 1010 | D6: Elaboración y conservación de carne de ganado porcino | E6: =E7+E8 -> 0.0065073387
A7: C1010.21113 | B7: 4 | C7: 21113 | D7: Carne de cerdo, fresca o refrigerada | E7: 0.0057339459
A8: C1010.21119 | B8: 4 | C8: 21119 | D8: Otras carnes de mamíferos, fresca o refrigerada | E8: 0.00077339282
A9: C1010 | B9: 3 | C9: 1010 | D9: Elaboración y conservación de carne de aves de corral | E9: =E10+E11 -> 0.035805909
A10: C1010.21121 | B10: 4 | C10: 21121 | D10: Carne de pollo, fresca o refrigerada | E10: 0.021483545
A11: C1010.21160 | B11: 4 | C11: 21160 | D11: Despojos comestibles de aves de corral, frescos, refrigerados o congelados | E11: 0.014322363
A12: C1010 | B12: 3 | C12: 1010 | D12: Elaboración de productos cárnicos y elaboración de otros productos de origen animal n.c.p. | E12: =E13 -> 0.011751897
A13: C1010.21174 | B13: 4 | C13: 21174 | D13: Embutidos y productos similares de carne, despojos o sangre | E13: 0.011751897
A14: C1030 | B14: 3 | C14: 1030 | D14: Elaboración y conservación de frutas, legumbres y hortalizas | E14: =SUM(E15:E28) -> 0.016510051
A15: C1030.21431 | B15: 4 | C15: 21431 | D15: Jugo de naranja | E15: 0.0020992405
A16: C1030.21435 | B16: 4 | C16: 21435 | D16: Jugo de manzana | E16: 0.0020992405
A17: C1030.21439 | B17: 4 | C17: 21439 | D17: Otros jugos de frutas, n.c.p. | E17: 0.0020992405
A18: C1030.21311 | B18: 4 | C18: 21311 | D18: Frijoles estén o no desenvainados, cocidos en agua o vapor, Congelados. | E18: 0.001506621
A19: C1030.21395 | B19: 4 | C19: 21395 | D19: Frijoles, preparados o conservados, sin congelar. (excepto en vinagre o ácido acético). | E19: 0.001506621
A20: C1030.21399 | B20: 4 | C20: 21399 | D20: Otros vegetales y legumbres, conservados por algo que no sea vinagre, ácido acético o azúcar, n.c.p. | E20: 0.001506621
A21: C1030.21491 | B21: 4 | C21: 21491 | D21: Piñas, preparadas o conservados | E21: 0.00058597005
A22: C1030.21492 | B22: 4 | C22: 21492 | D22: Melocotones, preparados o conservados | E22: 0.00058597005
A23: C1030.21493 | B23: 4 | C23: 21493 | D23: Otras frutas, sin cocer o cocidos, congelados | E23: 0.00058597005
A24: C1030.21494 | B24: 4 | C24: 21494 | D24: Compotas, jaleas y mermeladas, purés y pastas de frutas u otros frutos | E24: 0.00058597005
A25: C1030.21495 | B25: 4 | C25: 21495 | D25: Mantequilla de maní, pastas de almendra y otras mezclas de nueces y semillas tosdados, salados o preparados de otro modo n.c.p | E25: 0.00058597005
A26: C1030.21499 | B26: 4 | C26: 21499 | D26: Otras preparaciones y conservas de frutas y nueces, n.c.p. | E26: 0.00058597005
A27: C1104.24490A | B27: 4 | C27: 24490A | D27: Otras bebidas calóricas no alcohólicas (Bebidas gaseosas, jugos y refrescos artificiales, bebidas deportivas, agua mineral con sabor) | E27: 0.0010883231
A28: C1030.24410 | B28: 4 | C28: 24410 | D28: Aguas embotelladas, no endulzadas ni saborizadas (Agua pura, agua con gas o mineral sin sabor, hielo) | E28: 0.0010883231
A29: C1040 | B29: 3 | C29: 1040 | D29: Elaboración de aceites y grasas de origen vegetal y animal | E29: =SUM(E30:E33) -> 0.057674403
A30: C1040.21535 | B30: 4 | C30: 21535 | D30: Aceite de palma, crudo | E30: 0.014418601
A31: C1040.21539 | B31: 4 | C31: 21539 | D31: Los demás aceites vegetales, crudo, n.c.p. | E31: 0.014418601
A32: C1040.21545 | B32: 4 | C32: 21545 | D32: Aceite de palma, refinado | E32: 0.014418601
A33: C1040.21549 | B33: 4 | C33: 21549 | D33: Otros aceites vegetales, refinados, n.c.p. | E33: 0.014418601
A34: C1050 | B34: 3 | C34: 1050 | D34: Elaboración de productos lácteos | E34: =SUM(E35:E40) -> 0.019659915
A35: C1050.22251 | B35: 4 | C35: 22251 | D35: Quesos de leche de bovino, frescos o procesados | E35: 0.0032766525
A36: C1050.22260 | B36: 4 | C36: 22260 | D36: Caseina | E36: 0.0032766525
A37: C1050.22270 | B37: 4 | C37: 22270 | D37: Helados y productos similares | E37: 0.0032766525
A38: C1050.22290 | B38: 4 | C38: 22290 | D38: Productos lácteos n.c.p. | E38: 0.0032766525
A39: C1050.22110 | B39: 4 | C39: 22110 | D39: Leche liquida procesada | E39: 0.0032766525
A40: C1050.22120 | B40: 4 | C40: 22120 | D40: Crema fresca | E40: 0.0032766525
A41: C1061 | B41: 3 | C41: 1061 | D41: Elaboración de harina de trigo | E41: =E42 -> 0.0095533525
A42: C1061.23110 | B42: 4 | C42: 23110 | D42: Harina de trigo o de morcajo (tranquillón) | E42: 0.0095533525
A43: C1061 | B43: 3 | C43: 1061 | D43: Beneficios de arroz | E43: =E44+E45 -> 0.007510475
A44: C1061.23161 | B44: 4 | C44: 23161 | D44: Arroz, semi- o totalmente molido | E44: 0.00600838
A45: C1061.23140 | B45: 4 | C45: 23140B | D45: Otros productos de cereales de arroz | E45: 0.001502095
A46: C1061 | B46: 3 | C46: 1061 | D46: Elaboración de otros productos de molinería n.c.p. por cuenta propia | E46: =E47+E48 -> 0.0088215368
A47: C1061.23130 | B47: 4 | C47: 23130 | D47: Grañones (Avena), sémola y pellets de cereales excepto trigo y arroz | E47: 0.0044107684
A48: C1061.23140 | B48: 4 | C48: 23140A | D48: Otros productos de cereales incluyendo hojuelas de maíz | E48: 0.0044107684
A49: C1071 | B49: 3 | C49: 1071 | D49: Elaboración de productos de panadería | E49: =SUM(E50:E52) -> 0.058695646
A50: C1071.23490A | B50: 4 | C50: 23490A | D50: Pan y productos de panadería | E50: 0.047088206
A51: C1071.23420 | B51: 4 | C51: 23420 | D51: Pan de especias, galletas dulces, obleas y barquillos | E51: 0.00580372
A52: C1071.23430 | B52: 4 | C52: 23430 | D52: Los demás productos de panadería y repostería n.c.p. incluso tortillas de harina de trigo (Pasteles) | E52: 0.00580372
A53: C1071 | B53: 3 | C53: 1071 | D53: Elaboración de tortillas de maíz | E53: =E54 -> 0.055199029
A54: C1071.23490B | B54: 4 | C54: 23490B | D54: Pan y productos de panadería | E54: 0.055199029
A55: C1072 | B55: 3 | C55: 1072 | D55: Elaboración de azúcar | E55: =E56+E57 -> 0.03950631
A56: C1072.23511 | B56: 4 | C56: 23511 | D56: Azúcar de caña en bruto (sin refinar) sin adición de aromatizantes ni colorantes | E56: 0.019753155
A57: C1072.23520 | B57: 4 | C57: 23520 | D57: Azúcar refinada | E57: 0.019753155
A58: C1073 | B58: 3 | C58: 1073 | D58: Elaboración de cacao y chocolate y de productos de confitería | E58: =SUM(E59:E61) -> 0.006521185
A59: C1073.23650 | B59: 4 | C59: 23650 | D59: Chocolate y demás preparaciones alimenticias que contengan cacao (excepto cacao en polvo edulcorado) a granel | E59: 0.0021737283
A60: C1073.23660 | B60: 4 | C60: 23660 | D60: Chocolate y demás preparaciones alimenticias que contengan cacao (excepto cacao en polvo edulcorado), en bloques, tabletas, o barras excepto a granel | E60: 0.0021737283
A61: C1073.23670 | B61: 4 | C61: 23670 | D61: Artículos de confitería preparados con azúcar (incluyendo chocolate blanco) que no contengan cacao; vegetales, frutas, frutos secos, cascara de frutas y otras partes de plantas, conservadas por azúcar (Dulces). | E61: 0.0021737283
A62: C1074 | B62: 3 | C62: 1074 | D62: Elaboración de macarrones, fideos, alcuzcuz y productos farináceos similares | E62: =E63 -> 0.0046279761
A63: C1074.23710 | B63: 4 | C63: 23710 | D63: Pastas alimenticias sin cocer, rellenar ni preparar de otra forma | E63: 0.0046279761
A64: C1079 | B64: 3 | C64: 1079 | D64: Elaboración de otros productos alimenticios n.c.p incluyendo comidas y platos preparados | E64: =SUM(E65:E71) -> 0.029645013
A65: C1079.23911 | B65: 4 | C65: 23911 | D65: Café, descafeinado o tostado | E65: 0.0074112532
A66: C1079.23912 | B66: 4 | C66: 23912 | D66: Sustitutos de café que contienen café; extractos, esencias y concentrados del café, y preparaciones con a base de ellos o con base a café; achicoria tostada y otros substitutos de café tostados, y extractos, esencias y sus concentrados | E66: 0.0029645013
A67: C1079.23921 | B67: 4 | C67: 23921 | D67: Pimienta procesada | E67: 0.0029645013
A68: C1079.23992 | B68: 4 | C68: 23992 | D68: Sopas y caldos y preparaciones de los mismos | E68: 0.0044467519
A69: C1079.23995 | B69: 4 | C69: 23995 | D69: Salsas; condimentos mixtos; harinas de mostaza y sustancias en polvo; mostaza preparada | E69: 0.0059290026
A70: C1079.23996 | B70: 4 | C70: 23996 | D70: Levaduras (activas o inactivas); otros microorganismos unicelulares, muertos; polvos de hornear preparados | E70: 0.0029645013
A71: C1079.23999 | B71: 4 | C71: 23999 | D71: Otros productos alimenticios n.c.p. | E71: 0.0029645013
A72: C1080 | B72: 3 | C72: 1080 | D72: Elaboración de alimentos preparados para animales | E72: =E73+E74 -> 0.026720351
A73: C1080.23311 | B73: 4 | C73: 23311 | D73: Alimentos para perros o gatos, acondicionados para la venta al por menor (Concentrados). | E73: 0.014696193
A74: C1080.23319 | B74: 4 | C74: 23319 | D74: Alimentos preparados para otros animales y premezclas para la fabricación de alimentos para animales (Concentrados). | E74: 0.012024158
A75: C11 | B75: 2 | C75: 11 | D75: ELABORACIÓN DE BEBIDAS | E75: =E76+E78 -> 0.043049392
A76: C1103 | B76: 3 | C76: 1103 | D76: Elaboración de bebidas malteadas y de malta | E76: =E77 -> 0.0067777781
A77: C1103.24310 | B77: 4 | C77: 24310 | D77: Cerveza de malta (con o sin alcohol) | E77: 0.0067777781
A78: C1104 | B78: 3 | C78: 1104 | D78: Elaboración de bebidas no alcohólicas; producción de aguas minerales y otras aguas embotelladas | E78: =E79+E80 -> 0.036271614
A79: C1104.24490B | B79: 4 | C79: 24490B | D79: Otras bebidas calóricas no alcohólicas (Bebidas hidratantes y bebidas energizantes) | E79: 0.016322226
A80: C1104.24490C | B80: 4 | C80: 24490C | D80: Refrescos artificiales | E80: 0.019949388
A81: C13 | B81: 2 | C81: 13 | D81: FABRICACIÓN DE PRODUCTOS TEXTILES | E81: =E82+E89 -> 0.027560886
A82: C1311 | B82: 3 | C82: 1311 | D82: Hilatura, tejedura y acabado de productos textiles | E82: =SUM(E83:E88) -> 0.009824679
A83: C1311.26360 | B83: 4 | C83: 26360 | D83: Hilados de algodón (excepto hilo de coser), que contiene 85% o más en peso de algodón | E83: 0.0016374465
A84: C1311.26420 | B84: 4 | C84: 26420 | D84: Hilados de filamentos artificiales o sintéticos, múltiples o cableados (que no sea hilo de coser, hilados de gran resistencia de poliamidas, poliéster o rayón viscosa), no apto para la venta al por menor; hilados artificiales o sintéticos (que no sea hilo de coser), apto para la venta al por menor | E84: 0.0016374465
A85: C1311.26610 | B85: 4 | C85: 26610 | D85: Tejidos de algodón con un contenido 85% o más en peso de algodón, de peso no superior 200 g/m2 | E85: 0.0016374465
A86: C1311.26690 | B86: 4 | C86: 26690 | D86: Otros tejidos de algodón | E86: 0.0016374465
A87: C1311.26720 | B87: 4 | C87: 26720 | D87: Otros tejidos de hilados de filamentos sintéticos o artificiales, que contienen 85% o más en peso de tales filamentos | E87: 0.0016374465
A88: C1311.26730 | B88: 4 | C88: 26730 | D88: Otros tejidos de hilados de filamentos artificiales o sintéticos | E88: 0.0016374465
A89: C1391 | B89: 3 | C89: 1391 | D89: Fabricación de otros productos textiles | E89: =SUM(E90:E93) -> 0.017736207
A90: C1391.27120 | B90: 4 | C90: 27120 | D90: Ropa de cama, mantelería, toallas de baño y paños de cocina | E90: 0.0053208622
A91: C1391.27180 | B91: 4 | C91: 27180 | D91: Colchas, edredones, cojines, pufs, almohadas, sacos de dormir y artículos similares, con resortes o rellenos o guarnecidos interiormente con cualquier material o de caucho celular o plástico | E91: 0.0044340518
A92: C1391.27190 | B92: 4 | C92: 27190 | D92: Otros artículos confeccionados con materias textiles (incluyendo paños para pisos -trapeadores-, paños para platos, limpia polvo y artículos similares para limpieza, chalecos salvavidas y cinturones salvavidas) | E92: 0.0044340518
A93: C1391.27911 | B93: 4 | C93: 27911 | D93: Cintas (Tejidos estrechos); Cintas (tejidos estrechos) de urdimbre sin trama sujeta por pegamento adhesivo (balduques); etiquetas, insignias y artículos similares de materias textiles, sin bordar, trencillas en piezas; artículos de pasamanería en piezas, sin bordados, que no sea tejido de punto o ganchillo; borlas, pompones y artículos similares | E93: 0.0035472415
A94: C14 | B94: 2 | C94: 14 | D94: FABRICACIÓN DE PRENDAS DE VESTIR | E94: =E95 -> 0.075032577
A95: C1410 | B95: 3 | C95: 1410 | D95: Fabricación de prendas de vestir | E95: =SUM(E96:E105) -> 0.075032577
A96: C1410.28221 | B96: 4 | C96: 28221 | D96: Trajes, abrigos, chaquetas, pantalones largos, pantalones cortos y artículos análogos para hombres o niños, de punto o ganchillo | E96: 0.0062446449
A97: C1410.28222 | B97: 4 | C97: 28222 | D97: Camisas, calzoncillos (ropa interior), pijamas, batas y artículos similares para hombres o niños, de punto o ganchillo | E97: 0.0062446449
A98: C1410.28224 | B98: 4 | C98: 28224 | D98: Blusas, camisas (Incluso los Güipiles típicos), enaguas, bragas, camisones, batas y artículos similares para mujeres o niñas, de punto o ganchillo | E98: 0.0062446449
A99: C1410.28225 | B99: 4 | C99: 28225 | D99: Camisetas y T-shirts (playeras) de todo tipo, de punto o ganchillo | E99: 0.0062446449
A100: C1410.28231 | B100: 4 | C100: 28231 | D100: Trajes, abrigos, chaquetas, pantalones largos, pantalones cortos y artículos similares para hombres o niños, de tejidos que no sean de punto o ganchillo | E100: 0.0062446449
...

Sheet Sheet4
A1: Clases
A2: 1010 | F2: 21111 | G2: =F2=F1 -> FALSE
A3: 1010 | F3: 21113
A4: 1010 | F4: 21119
A5: 1030 | F5: 21121 | G5: =F5=F4 -> FALSE
A6: 1040 | F6: 21174 | G6: =F6=F5 -> FALSE
A7: 1050 | F7: 21431 | G7: =F7=F6 -> FALSE
A8: 1061 | F8: 21435 | G8: =F8=F7 -> FALSE
A9: 1061 | F9: 21439
A10: 1061 | F10: 21311
A11: 1062 | F11: 21395 | G11: =F11=F10 -> FALSE
A12: 1071 | F12: 21399 | G12: =F12=F11 -> FALSE
A13: 1071 | F13: 21491
A14: 1072 | F14: 21492 | G14: =F14=F13 -> FALSE
A15: 1073 | F15: 21493 | G15: =F15=F14 -> FALSE
A16: 1074 | F16: 21494 | G16: =F16=F15 -> FALSE
A17: 1079 | F17: 21495 | G17: =F17=F16 -> FALSE
A18: 1080 | F18: 21499 | G18: =F18=F17 -> FALSE
A19: 1103 | F19: 24490 | G19: =F19=F18 -> FALSE
A20: 1104 | F20: 24410 | G20: =F20=F19 -> FALSE
A21: 1311 | F21: 21535 | G21: =F21=F20 -> FALSE
A22: 1391 | F22: 21539 | G22: =F22=F21 -> FALSE
A23: 1410 | F23: 21545 | G23: =F23=F22 -> FALSE
A24: 1520 | F24: 21549 | G24: =F24=F23 -> FALSE
A25: 1610 | F25: 22229 | G25: =F25=F24 -> FALSE
A26: 1621 | F26: 22251 | G26: =F26=F25 -> FALSE
A27: 1702 | F27: 22260 | G27: =F27=F26 -> FALSE
A28: 1811 | F28: 22270 | G28: =F28=F27 -> FALSE
A29: 2011 | F29: 22290 | G29: =F29=F28 -> FALSE
A30: 2021 | F30: 22110 | G30: =F30=F29 -> FALSE
A31: 2022 | F31: 22120 | G31: =F31=F30 -> FALSE
A32: 2023 | F32: 23110 | G32: =F32=F31 -> FALSE
A33: 2100 | F33: 23161 | G33: =F33=F32 -> FALSE
A34: 2220 | F34: 23140B | G34: =F34=F33 -> FALSE
A35: 2310 | F35: 23130 | G35: =F35=F34 -> FALSE
A36: 2392 | F36: 23140A | G36: =F36=F35 -> FALSE
A37: 2394 | F37: 23911 | G37: =F37=F36 -> FALSE
A38: 2395 | F38: 23912 | G38: =F38=F37 -> FALSE
A39: 2410 | F39: 23921 | G39: =F39=F38 -> FALSE
A40: 2511 | F40: 23928 | G40: =F40=F39 -> FALSE
A41: 2819 | F41: 23992 | G41: =F41=F40 -> FALSE
A42: 3100 | F42: 23995 | G42: =F42=F41 -> FALSE
A43: 3212 | F43: 23996 | G43: =F43=F42 -> FALSE
A44: 2512 | F44: 88162 | G44: =F44=F43 -> FALSE
A45: 2599 | F45: 23490A | G45: =F45=F44 -> FALSE
A46: 3211 | F46: 23420 | G46: =F46=F45 -> FALSE
A47: 2821 | F47: 23430 | G47: =F47=F46 -> FALSE
A48: 2930 | F48: 23490B | G48: =F48=F47 -> FALSE
F49: 23511 | G49: =F49=F48 -> FALSE
F50: 23520 | G50: =F50=F49 -> FALSE
F51: 23650 | G51: =F51=F50 -> FALSE
F52: 23660 | G52: =F52=F51 -> FALSE
F53: 23670 | G53: =F53=F52 -> FALSE
F54: 23710 | G54: =F54=F53 -> FALSE
F55: 23911 | G55: =F55=F54 -> FALSE
F56: 23912 | G56: =F56=F55 -> FALSE
F57: 23921 | G57: =F57=F56 -> FALSE
F58: 23928 | G58: =F58=F57 -> FALSE
F59: 23992 | G59: =F59=F58 -> FALSE
F60: 23995 | G60: =F60=F59 -> FALSE
... F72: 26730 | G72: =F72=F71 -> FALSE
F73: 27120 | G73: =F73=F72 -> FALSE
F74: 27130 | G74: =F74=F73 -> FALSE
F75: 27180 | G75: =F75=F74 -> FALSE
F76: 27190 | G76: =F76=F75 -> FALSE
F77: 27911 | G77: =F77=F76 -> FALSE
F78: 28221 | G78: =F78=F77 -> FALSE
F79: 28222 | G79: =F79=F78 -> FALSE
F80: 28224 | G80: =F80=F79 -> FALSE
F81: 28225 | G81: =F81=F80 -> FALSE
F82: 28231 | G82: =F82=F81 -> FALSE
F83: 28232 | G83: =F83=F82 -> FALSE
F84: 28233 | G84: =F84=F83 -> FALSE
F85: 28234 | G85: =F85=F84 -> FALSE
F86: 88221 | G86: =F86=F85 -> FALSE
F87: 88223 | G87: =F87=F86 -> FALSE
F88: 29310 | G88: =F88=F87 -> FALSE
F89: 29320 | G89: =F89=F88 -> FALSE
... F94: 31310 | G94: =F94=F93 -> FALSE
F95: 31420 | G95: =F95=F94 -> FALSE
F96: 31430 | G96: =F96=F95 -> FALSE
F97: 31440 | G97: =F97=F96 -> FALSE
F98: 31600 | G98: =F98=F97 -> FALSE
F99: 32153 | G99: =F99=F98 -> FALSE
F100: 32193 | G100: =F100=F99 -> FALSE
F101: 32199 | G101: =F101=F100 -> FALSE
F102: 32690 | G102: =F102=F101 -> FALSE
F103: 32690 | G103: =F103=F102 -> TRUE
F104: 24110 | G104: =F104=F103 -> FALSE
F105: 34641 | G105: =F105=F104 -> FALSE
F106: 34644 | G106: =F106=F105 -> FALSE
F107: 34649 | G107: =F107=F106 -> FALSE
F108: 34659 | G108: =F108=F107 -> FALSE
F109: 34661 | G109: =F109=F108 -> FALSE
F110: 34663 | G110: =F110=F109 -> FALSE
F111: 35110 | G111: =F111=F110 -> FALSE
F112: 35321 | G112: =F112=F111 -> FALSE
F113: 35322 | G113: =F113=F112 -> FALSE
F114: 35323 | G114: =F114=F113 -> FALSE
F115: 2011-2029 | G115: =F115=F114 -> FALSE
...

Sheet Sheet5
A1: producto_codigo | B1: codigo
A2: C1010.21111 | B2: C1010.21111 | C2: 21111 | D2: C1010.21119 | F2: =RIGHT(B2,5) -> 21111 | G2: =F2=C2 -> TRUE
A3: C1010.21113 | B3: C1010.21113 | C3: 21113 | F3: =RIGHT(B3,5) -> 21113 | G3: =F3=C3 -> TRUE
A4: C1010.21119 | B4: C1010.21119 | C4: 21119 | F4: =RIGHT(B4,5) -> 21119 | G4: =F4=C4 -> TRUE
A5: C1010.21121 | B5: C1010.21121 | C5: 21121 | F5: =RIGHT(B5,5) -> 21121 | G5: =F5=C5 -> TRUE
A6: C1010.21174 | B6: C1010.21174 | C6: 21174 | D6: C1020.21221 | E6: Eliminar | F6: =RIGHT(B6,5) -> 21174 | G6: =F6=C6 -> TRUE
A7: C1030.21311 | B7: C1030.21311 | C7: 21311 | D7: C1020.21250 | E7: Eliminar | F7: =RIGHT(B7,5) -> 21311 | G7: =F7=C7 -> TRUE
A8: C1030.21395 | B8: C1030.21395 | C8: 21395 | F8: =RIGHT(B8,5) -> 21395 | G8: =F8=C8 -> TRUE
A9: C1030.21399 | B9: C1030.21399 | C9: 21399 | F9: =RIGHT(B9,5) -> 21399 | G9: =F9=C9 -> TRUE
A10: C1030.21431 | B10: C1030.21431 | C10: 21431 | F10: =RIGHT(B10,5) -> 21431 | G10: =F10=C10 -> TRUE
A11: C1030.21435 | B11: C1030.21435 | C11: 21435 | F11: =RIGHT(B11,5) -> 21435 | G11: =F11=C11 -> TRUE
A12: C1030.21439 | B12: C1030.21439 | C12: 21439 | F12: =RIGHT(B12,5) -> 21439 | G12: =F12=C12 -> TRUE
A13: agregado | B13: C1030.21491 | C13: 21491 | F13: =RIGHT(B13,5) -> 21491 | G13: =F13=C13 -> TRUE
A14: C1030.21492 | B14: C1030.21492 | C14: 21492 | F14: =RIGHT(B14,5) -> 21492 | G14: =F14=C14 -> TRUE
A15: C1030.21493 | B15: C1030.21493 | C15: 21493 | F15: =RIGHT(B15,5) -> 21493 | G15: =F15=C15 -> TRUE
A16: C1030.21494 | B16: C1030.21494 | C16: 21494 | F16: =RIGHT(B16,5) -> 21494 | G16: =F16=C16 -> TRUE
A17: C1030.21495 | B17: C1030.21495 | C17: 21495 | F17: =RIGHT(B17,5) -> 21495 | G17: =F17=C17 -> TRUE
A18: C1030.21499 | B18: C1030.21499 | C18: 21499 | F18: =RIGHT(B18,5) -> 21499 | G18: =F18=C18 -> TRUE
A19: C1040.21535 | B19: C1040.21535 | C19: 21535 | F19: =RIGHT(B19,5) -> 21535 | G19: =F19=C19 -> TRUE
... A23: C1050.22110 | B23: C1050.22110 | C23: 22110 | F23: =RIGHT(B23,5) -> 22110 | G23: =F23=C23 -> TRUE
A24: C1050.22120 | B24: C1050.22120 | C24: 22120 | F24: =RIGHT(B24,5) -> 22120 | G24: =F24=C24 -> TRUE | I24: C1040.21550
A25: C1050.22251 | B25: C1050.22251 | C25: 22251 | F25: =RIGHT(B25,5) -> 22251 | G25: =F25=C25 -> TRUE
A26: C1050.22260 | B26: C1050.22260 | C26: 22260 | F26: =RIGHT(B26,5) -> 22260 | G26: =F26=C26 -> TRUE
A27: C1050.22270 | B27: C1050.22270 | C27: 22270 | F27: =RIGHT(B27,5) -> 22270 | G27: =F27=C27 -> TRUE | J27: 23110
A28: C1050.22290 | B28: C1050.22290 | C28: 22290 | F28: =RIGHT(B28,5) -> 22290 | G28: =F28=C28 -> TRUE
A29: C1061.23110 | B29: C1061.23110 | C29: 23110 | F29: =RIGHT(B29,5) -> 23110 | G29: =F29=C29 -> TRUE
A30: C1061.23130 | B30: C1061.23130 | C30: 23130 | F30: =RIGHT(B30,5) -> 23130 | G30: =F30=C30 -> TRUE
A31: C1061.23140A | B31: C1061.23140A | C31: 23140A | D31: C1050.22229 | E31: Eliminado | F31: =RIGHT(B31,6) -> 23140A | G31: =F31=C31 -> TRUE
A32: C1061.23140B | B32: C1061.23140B | C32: 23140B | D32: C1061.39120 | E32: Eliminado | F32: =RIGHT(B32,6) -> 23140B | G32: =F32=C32 -> TRUE
A33: C1061.23161 | B33: C1061.23161 | C33: 23161 | D33: C1075.21176 | E33: Eliminado | F33: =RIGHT(B33,5) -> 23161 | G33: =F33=C33 -> TRUE
A34: C1071.23420 | B34: C1071.23420 | C34: 23420 | D34: C1079.23928 | E34: Eliminado | F34: =RIGHT(B34,5) -> 23420 | G34: =F34=C34 -> TRUE
A35: C1071.23430 | B35: C1071.23430 | C35: 23430 | D35: C1101.24131 | E35: Eliminado | F35: =RIGHT(B35,5) -> 23430 | G35: =F35=C35 -> TRUE
A36: C1071.23490A | B36: C1071.23490A | C36: 23490A | D36: C1391.27130 | E36: Eliminado | F36: =RIGHT(B36,6) -> 23490A | G36: =F36=C36 -> TRUE
A37: C1071.23490B | B37: C1071.23490B | C37: 23490B | D37: C1520.29310 | E37: Eliminado | F37: =RIGHT(B37,6) -> 23490B | G37: =F37=C37 -> TRUE
A38: C1072.23511 | B38: C1072.23511 | C38: 23511 | D38: C2011.34280 | E38: Eliminado | F38: =RIGHT(B38,5) -> 23511 | G38: =F38=C38 -> TRUE
A39: C1072.23520 | B39: C1072.23520 | C39: 23520 | D39: C2211.36120 | E39: Eliminado | F39: =RIGHT(B39,5) -> 23520 | G39: =F39=C39 -> TRUE
A40: C1073.23650 | B40: C1073.23650 | C40: 23650 | D40: C2219.36260 | E40: Eliminado | F40: =RIGHT(B40,5) -> 23650 | G40: =F40=C40 -> TRUE
A41: C1073.23660 | B41: C1073.23660 | C41: 23660 | D41: C2219.36270 | E41: Eliminado | F41: =RIGHT(B41,5) -> 23660 | G41: =F41=C41 -> TRUE
A42: C1073.23670 | B42: C1073.23670 | C42: 23670 | D42: C2220.36960 | E42: Eliminado | F42: =RIGHT(B42,5) -> 23670 | G42: =F42=C42 -> TRUE
A43: C1074.23710 | B43: C1074.23710 | C43: 23710 | D43: C2310.37113 | E43: Eliminado | F43: =RIGHT(B43,5) -> 23710 | G43: =F43=C43 -> TRUE | L43: C1072.23540
A44: C1079.23911 | B44: C1079.23911 | C44: 23911 | F44: =RIGHT(B44,5) -> 23911 | G44: =F44=C44 -> TRUE
A45: C1079.23912 | B45: C1079.23912 | C45: 23912 | F45: =RIGHT(B45,5) -> 23912 | G45: =F45=C45 -> TRUE
A46: C1079.23921 | B46: C1079.23921 | C46: 23921 | F46: =RIGHT(B46,5) -> 23921 | G46: =F46=C46 -> TRUE
A47: C1079.23992 | B47: C1079.23992 | C47: 23992 | F47: =RIGHT(B47,5) -> 23992 | G47: =F47=C47 -> TRUE
A48: C1079.23995 | B48: C1079.23995 | C48: 23995 | F48: =RIGHT(B48,5) -> 23995 | G48: =F48=C48 -> TRUE
A49: C1079.23996 | B49: C1079.23996 | C49: 23996 | F49: =RIGHT(B49,5) -> 23996 | G49: =F49=C49 -> TRUE
A50: C1079.23999 | B50: C1079.23999 | C50: 23999 | F50: =RIGHT(B50,5) -> 23999 | G50: =F50=C50 -> TRUE
A51: C1080.23311 | B51: C1080.23311 | C51: 23311 | F51: =RIGHT(B51,5) -> 23311 | G51: =F51=C51 -> TRUE
A52: C1080.23319 | B52: C1080.23319 | C52: 23319 | F52: =RIGHT(B52,5) -> 23319 | G52: =F52=C52 -> TRUE
A53: C1103.24310 | B53: C1103.24310 | C53: 24310 | F53: =RIGHT(B53,5) -> 24310 | G53: =F53=C53 -> TRUE
A54: C1104.24410 | B54: C1104.24410 | C54: 24410 | F54: =RIGHT(B54,5) -> 24410 | G54: =F54=C54 -> TRUE
A55: C1104.24490 | B55: C1104.24490A | C55: 24490A | F55: =RIGHT(B55,6) -> 24490A | G55: =F55=C55 -> TRUE
A56: C1104.24490 | B56: C1104.24490B | C56: 24490B | F56: =RIGHT(B56,6) -> 24490B | G56: =F56=C56 -> TRUE
A57: C1104.24490 | B57: C1104.24490C | C57: 24490C | D57: agua | F57: =RIGHT(B57,6) -> 24490C | G57: =F57=C57 -> TRUE
A58: C1311.26360 | B58: C1311.26360 | C58: 26360 | D58: gaseosas | F58: =RIGHT(B58,5) -> 26360 | G58: =F58=C58 -> TRUE
A59: C1311.26420 | B59: C1311.26420 | C59: 26420 | D59: hidratantes | F59: =RIGHT(B59,5) -> 26420 | G59: =F59=C59 -> TRUE
A60: C1312.26610 | B60: C1312.26610 | C60: 26610 | F60: =RIGHT(B60,5) -> 26610 | G60: =F60=C60 -> TRUE
A61: C1312.26690 | B61: C1312.26690 | C61: 26690 | F61: =RIGHT(B61,5) -> 26690 | G61: =F61=C61 -> TRUE
A62: C1312.26720 | B62: C1312.26720 | C62: 26720 | F62: =RIGHT(B62,5) -> 26720 | G62: =F62=C62 -> TRUE
A63: C1312.26730 | B63: C1312.26730 | C63: 26730 | F63: =RIGHT(B63,5) -> 26730 | G63: =F63=C63 -> TRUE
A64: C1392.27120 | B64: C1392.27120 | C64: 27120 | F64: =RIGHT(B64,5) -> 27120 | G64: =F64=C64 -> TRUE
A65: C1392.27180 | B65: C1392.27180 | C65: 27180 | F65: =RIGHT(B65,5) -> 27180 | G65: =F65=C65 -> TRUE
A66: C1392.27190 | B66: C1392.27190 | C66: 27190 | F66: =RIGHT(B66,5) -> 27190 | G66: =F66=C66 -> TRUE
A67: C1399.27911 | B67: C1399.27911 | C67: 27911 | F67: =RIGHT(B67,5) -> 27911 | G67: =F67=C67 -> TRUE
A68: C1410.28221 | B68: C1410.28221 | C68: 28221 | F68: =RIGHT(B68,5) -> 28221 | G68: =F68=C68 -> TRUE
A69: C1410.28222 | B69: C1410.28222 | C69: 28222 | F69: =RIGHT(B69,5) -> 28222 | G69: =F69=C69 -> TRUE
A70: C1410.28224 | B70: C1410.28224 | C70: 28224 | F70: =RIGHT(B70,5) -> 28224 | G70: =F70=C70 -> TRUE
A71: C1410.28225 | B71: C1410.28225 | C71: 28225 | F71: =RIGHT(B71,5) -> 28225 | G71: =F71=C71 -> TRUE
... A97: C2011.34340 | B97: C2011.34340 | C97: 34340 | F97: =RIGHT(B97,5) -> 34340 | G97: =F97=C97 -> TRUE
A98: C2012.34641 | B98: C2012.34641 | C98: 34641 | D98: C2011.24110 | F98: =RIGHT(B98,5) -> 34641 | G98: =F98=C98 -> TRUE
A99: C2012.34644 | B99: C2012.34644 | C99: 34644 | F99: =RIGHT(B99,5) -> 34644 | G99: =F99=C99 -> TRUE
A100: C2012.34649 | B100: C2012.34649 | C100: 34649 | F100: =RIGHT(B100,5) -> 34649 | G100: =F100=C100 -> TRUE
A101: C2012.34659 | B101: C2012.34659 | C101: 34659 | F101: =RIGHT(B101,5) -> 34659 | G101: =F101=C101 -> TRUE
A102: C2021.34661 | B102: C2021.34661 | C102: 34661 | F102: =RIGHT(B102,5) -> 34661 | G102: =F102=C102 -> TRUE
A103: C2021.34663 | B103: C2021.34663 | C103: 34663 | F103: =RIGHT(B103,5) -> 34663 | G103: =F103=C103 -> TRUE
A104: C2022.35110 | B104: C2022.35110 | C104: 35110 | F104: =RIGHT(B104,5) -> 35110 | G104: =F104=C104 -> TRUE
A105: C2023.35321 | B105: C2023.35321 | C105: 35321 | F105: =RIGHT(B105,5) -> 35321 | G105: =F105=C105 -> TRUE
A106: C2023.35322 | B106: C2023.35322 | C106: 35322 | F106: =RIGHT(B106,5) -> 35322 | G106: =F106=C106 -> TRUE
A107: C2023.35323 | B107: C2023.35323 | C107: 35323 | F107: =RIGHT(B107,5) -> 35323 | G107: =F107=C107 -> TRUE
A108: C2029.35420 | B108: C2029.35420 | C108: 35420 | F108: =RIGHT(B108,5) -> 35420 | G108: =F108=C108 -> TRUE
A109: C2029.35450 | B109: C2029.35450 | C109: 35450 | F109: =RIGHT(B109,5) -> 35450 | G109: =F109=C109 -> TRUE
A110: C2029.35460 | B110: C2029.35460 | C110: 35460 | F110: =RIGHT(B110,5) -> 35460 | G110: =F110=C110 -> TRUE
... A150: C3212.38997 | B150: C3212.38997 | C150: 38997 | F150: =RIGHT(B150,5) -> 38997 | G150: =F150=C150 -> TRUE

Sheet consultas
A1: P102 | B1: Servicios de comercio | C1: P5401 | D1: Servicios de Comercio
A2: P103 | B2: Mantenimiento y reparación de vehículos automotores y motocicletas | C2: P5402 | D2: Mantenimiento y Reparación de Vehículos automotores y Motocicletas
A3: P104 | B3: Servicio de transporte de pasajeros por vía terrestre | C3: P5501 | D3: Servicio de transporte de pasajeros por vía terrestre
A4: P105 | B4: Servicio de transporte de carga por vía terrestre | C4: P5502 | D4: Servicio de transporte de carga por vía terrestre
